fable_number,fable_group,fable_commodity,window,flow,avg_value_usd,avg_qty_million_tonnes
1,CEREALS,Wheat,2000-2005,Export,48358208.232,0.34855802059999996
1,CEREALS,Wheat,2005-2010,Export,94500759.0,0.44689759020000003
1,CEREALS,Wheat,2010-2015,Export,362024165.6,1.1783885324
1,CEREALS,Wheat,2015-2020,Export,246003789.144,0.9908482599999999
1,CEREALS,Wheat,2020-2025,Export,321435.798,0.000983032
1,CEREALS,Wheat,2000-2005,Import,9224044.4,0.049493571199999996
1,CEREALS,Wheat,2005-2010,Import,455700043.6,1.2763420707999997
1,CEREALS,Wheat,2010-2015,Import,86801985.2,0.2683109836
1,CEREALS,Wheat,2015-2020,Import,788485.36,0.002831884
1,CEREALS,Wheat,2020-2025,Import,777609132.2559999,2.4176231098
2,CEREALS,Rice (paddy),2000-2005,Export,469154944.604,2.0645237426
2,CEREALS,Rice (paddy),2005-2010,Export,1522169038.4,4.7623321398
2,CEREALS,Rice (paddy),2010-2015,Export,2106388328.2,5.5527181116
2,CEREALS,Rice (paddy),2015-2020,Export,1929172859.5760002,5.982032258599999
2,CEREALS,Rice (paddy),2020-2025,Export,2726034514.8380003,6.9631705606
2,CEREALS,Rice (paddy),2000-2005,Import,1071985.8,0.0037902225999999995
2,CEREALS,Rice (paddy),2005-2010,Import,2429689.8,0.0366635188
2,CEREALS,Rice (paddy),2010-2015,Import,37367184.6,0.0416113102
2,CEREALS,Rice (paddy),2015-2020,Import,28165157.953999996,0.021998076
2,CEREALS,Rice (paddy),2020-2025,Import,41984282.218,0.011020558
3,CEREALS,Corn / Maize,2000-2005,Export,124482.0,0.0002625776
3,CEREALS,Corn / Maize,2005-2010,Export,13990936.8,0.0636724214
3,CEREALS,Corn / Maize,2010-2015,Export,42228858.0,0.15780598640000001
3,CEREALS,Corn / Maize,2015-2020,Export,12599327.76,0.05969809159999999
3,CEREALS,Corn / Maize,2020-2025,Export,203772962.294,0.7918906818
3,CEREALS,Corn / Maize,2000-2005,Import,8073045.840000001,0.0186531412
3,CEREALS,Corn / Maize,2005-2010,Import,31509431.6,0.0447138502
3,CEREALS,Corn / Maize,2010-2015,Import,45206818.4,0.0175655326
3,CEREALS,Corn / Maize,2015-2020,Import,58064306.17,0.0344303922
3,CEREALS,Corn / Maize,2020-2025,Import,71451648.33,0.0242049892
4,CEREALS,Millet,2000-2005,Export,5885.5,1.6121499999999998e-05
4,CEREALS,Millet,2005-2010,Export,44469.0,0.00020860000000000003
4,CEREALS,Millet,2010-2015,Export,36767.0,0.0001380438
4,CEREALS,Millet,2015-2020,Export,692622.708,0.0027257999999999996
4,CEREALS,Millet,2020-2025,Export,1382591.98,0.0057072
4,CEREALS,Millet,2000-2005,Import,2139.5,1.35e-05
4,CEREALS,Millet,2005-2010,Import,687561.6,0.0032029356000000003
4,CEREALS,Millet,2010-2015,Import,2874470.8,0.011922000999999998
4,CEREALS,Millet,2015-2020,Import,5479852.816,0.0209124
4,CEREALS,Millet,2020-2025,Import,353565.886,0.0031388262
5,CEREALS,Sorghum,2000-2005,Export,274.75,1.25e-09
5,CEREALS,Sorghum,2005-2010,Export,7241.8,2.74e-05
5,CEREALS,Sorghum,2010-2015,Export,3478.2,9.400000000000001e-06
5,CEREALS,Sorghum,2015-2020,Export,7164.774,2.38e-05
5,CEREALS,Sorghum,2020-2025,Export,2606.144,1.0800000000000002e-05
5,CEREALS,Sorghum,2000-2005,Import,102273.5,0.00011425275
5,CEREALS,Sorghum,2005-2010,Import,229634.2,0.0009502
5,CEREALS,Sorghum,2010-2015,Import,1432599.2,0.0054360526
5,CEREALS,Sorghum,2015-2020,Import,11950325.874,0.0397478
5,CEREALS,Sorghum,2020-2025,Import,933568.7980000001,0.0038304
6,CEREALS,Barley,2000-2005,Export,160687.6,0.0009061787999999999
6,CEREALS,Barley,2005-2010,Export,350412.6,0.002112139
6,CEREALS,Barley,2010-2015,Export,197722.6,0.0011088
6,CEREALS,Barley,2015-2020,Export,15397.442000000001,7.23318e-05
6,CEREALS,Barley,2020-2025,Export,63921.96,0.0004457399999999999
6,CEREALS,Barley,2000-2005,Import,59622.4,0.0003382448
6,CEREALS,Barley,2005-2010,Import,680711.0,0.00277429
6,CEREALS,Barley,2010-2015,Import,877962.4,0.0028266534
6,CEREALS,Barley,2015-2020,Import,5126478.174000001,0.018778493
6,CEREALS,Barley,2020-2025,Import,3015646.778,0.008278392800000001
7,CEREALS,Oats,2000-2005,Export,670.3333333333334,1.5666666666666666e-06
7,CEREALS,Oats,2005-2010,Export,74.8,2e-07
7,CEREALS,Oats,2010-2015,Export,2025.8,6.4e-06
7,CEREALS,Oats,2015-2020,Export,2198.282,1.4199999999999998e-05
7,CEREALS,Oats,2020-2025,Export,6451.108,0.000442
7,CEREALS,Oats,2000-2005,Import,1813.0,1.2333333333333333e-05
7,CEREALS,Oats,2005-2010,Import,1015667.6,0.0040066008
7,CEREALS,Oats,2010-2015,Import,1657911.2,0.006461400000000001
7,CEREALS,Oats,2015-2020,Import,4227555.0479999995,0.0172994
7,CEREALS,Oats,2020-2025,Import,892303.2780000002,0.0027512
8,CEREALS,Rye,2000-2005,Export,,
8,CEREALS,Rye,2005-2010,Export,,
8,CEREALS,Rye,2010-2015,Export,,
8,CEREALS,Rye,2015-2020,Export,,
8,CEREALS,Rye,2020-2025,Export,,
8,CEREALS,Rye,2000-2005,Import,,
8,CEREALS,Rye,2005-2010,Import,,
8,CEREALS,Rye,2010-2015,Import,,
8,CEREALS,Rye,2015-2020,Import,,
8,CEREALS,Rye,2020-2025,Import,,
9,CEREALS,Other cereals,2000-2005,Export,,
9,CEREALS,Other cereals,2005-2010,Export,,
9,CEREALS,Other cereals,2010-2015,Export,,
9,CEREALS,Other cereals,2015-2020,Export,,
9,CEREALS,Other cereals,2020-2025,Export,,
9,CEREALS,Other cereals,2000-2005,Import,,
9,CEREALS,Other cereals,2005-2010,Import,,
9,CEREALS,Other cereals,2010-2015,Import,,
9,CEREALS,Other cereals,2015-2020,Import,,
9,CEREALS,Other cereals,2020-2025,Import,,
10,SUGAR,Sugar cane,2000-2005,Export,0.0,0.0
10,SUGAR,Sugar cane,2005-2010,Export,0.0,0.0
10,SUGAR,Sugar cane,2010-2015,Export,105923.8,0.000280002
10,SUGAR,Sugar cane,2015-2020,Export,206728.484,0.0006011028
10,SUGAR,Sugar cane,2020-2025,Export,194323.588,0.0014973834
10,SUGAR,Sugar cane,2000-2005,Import,0.0,0.0
10,SUGAR,Sugar cane,2005-2010,Import,0.0,0.0
10,SUGAR,Sugar cane,2010-2015,Import,0.0,0.0
10,SUGAR,Sugar cane,2015-2020,Import,3.056,8e-10
10,SUGAR,Sugar cane,2020-2025,Import,12084.128,3.5664000000000003e-06
11,SUGAR,Sugarbeet,2000-2005,Export,3618.064,4.388799999999999e-06
11,SUGAR,Sugarbeet,2005-2010,Export,2.2,8e-09
11,SUGAR,Sugarbeet,2010-2015,Export,239508.6,0.00042125259999999993
11,SUGAR,Sugarbeet,2015-2020,Export,1853.4,1.7062e-06
11,SUGAR,Sugarbeet,2020-2025,Export,0.0,0.0
11,SUGAR,Sugarbeet,2000-2005,Import,0.0,0.0
11,SUGAR,Sugarbeet,2005-2010,Import,2539.2,1.8854e-05
11,SUGAR,Sugarbeet,2010-2015,Import,0.0,0.0
11,SUGAR,Sugarbeet,2015-2020,Import,178.0,6.96e-07
11,SUGAR,Sugarbeet,2020-2025,Import,0.0,0.0
12,SUGAR,Sugar raw,2000-2005,Export,12862384.514,0.060079949199999996
12,SUGAR,Sugar raw,2005-2010,Export,27802743.6,0.091867672
12,SUGAR,Sugar raw,2010-2015,Export,190211435.2,0.4685805352
12,SUGAR,Sugar raw,2015-2020,Export,262527421.17600003,0.9686285615999999
12,SUGAR,Sugar raw,2020-2025,Export,93850096.03999999,0.1930985052
12,SUGAR,Sugar raw,2000-2005,Import,58030518.160000004,0.2757258508
12,SUGAR,Sugar raw,2005-2010,Import,275705742.2,0.7509033582
12,SUGAR,Sugar raw,2010-2015,Import,183987823.6,0.2996809332
12,SUGAR,Sugar raw,2015-2020,Import,4818512.09,0.0313409466
12,SUGAR,Sugar raw,2020-2025,Import,68175276.79200001,0.1329922448
13,FIBERINDUS,Cotton lint,2000-2005,Export,88026217.944,0.08018785640000001
13,FIBERINDUS,Cotton lint,2005-2010,Export,109191764.8,0.10861021879999999
13,FIBERINDUS,Cotton lint,2010-2015,Export,286169123.4,0.1553144542
13,FIBERINDUS,Cotton lint,2015-2020,Export,49966008.536,0.0319392
13,FIBERINDUS,Cotton lint,2020-2025,Export,16789126.944,0.0101776
13,FIBERINDUS,Cotton lint,2000-2005,Import,266736021.594,0.19210410819999998
13,FIBERINDUS,Cotton lint,2005-2010,Import,682566455.6,0.4867099577999999
13,FIBERINDUS,Cotton lint,2010-2015,Import,686196496.0,0.2968594362
13,FIBERINDUS,Cotton lint,2015-2020,Import,728659540.204,0.4191893232
13,FIBERINDUS,Cotton lint,2020-2025,Import,1335441840.4959998,0.6583722772
14,FIBERINDUS,Jute,2000-2005,Export,473378.728,0.001139224
14,FIBERINDUS,Jute,2005-2010,Export,760104.0,0.0016346
14,FIBERINDUS,Jute,2010-2015,Export,65218.0,0.005198599999999999
14,FIBERINDUS,Jute,2015-2020,Export,6015.505999999999,0.0001052
14,FIBERINDUS,Jute,2020-2025,Export,4034.2120000000004,0.0001016
14,FIBERINDUS,Jute,2000-2005,Import,24977771.4,0.1041457858
14,FIBERINDUS,Jute,2005-2010,Import,48831039.4,0.124000559
14,FIBERINDUS,Jute,2010-2015,Import,53612431.2,0.0876525318
14,FIBERINDUS,Jute,2015-2020,Import,39118282.81,0.0654098862
14,FIBERINDUS,Jute,2020-2025,Import,45888379.695999995,0.0542820448
15,FIBERINDUS,Rubber,2000-2005,Export,31910.4,4.62938e-05
15,FIBERINDUS,Rubber,2005-2010,Export,78512.4,2.56962e-05
15,FIBERINDUS,Rubber,2010-2015,Export,75143.4,2.5246600000000003e-05
15,FIBERINDUS,Rubber,2015-2020,Export,36395.232,2.02198e-05
15,FIBERINDUS,Rubber,2020-2025,Export,40127.53,3.28324e-05
15,FIBERINDUS,Rubber,2000-2005,Import,28927424.344,0.037174290799999996
15,FIBERINDUS,Rubber,2005-2010,Import,67165767.8,0.0408817942
15,FIBERINDUS,Rubber,2010-2015,Import,77795630.4,0.0311746866
15,FIBERINDUS,Rubber,2015-2020,Import,71007128.138,0.030072701400000002
15,FIBERINDUS,Rubber,2020-2025,Import,106133608.346,0.058080954399999996
16,FIBERINDUS,Other hard fibers,2000-2005,Export,,
16,FIBERINDUS,Other hard fibers,2005-2010,Export,,
16,FIBERINDUS,Other hard fibers,2010-2015,Export,,
16,FIBERINDUS,Other hard fibers,2015-2020,Export,,
16,FIBERINDUS,Other hard fibers,2020-2025,Export,,
16,FIBERINDUS,Other hard fibers,2000-2005,Import,,
16,FIBERINDUS,Other hard fibers,2005-2010,Import,,
16,FIBERINDUS,Other hard fibers,2010-2015,Import,,
16,FIBERINDUS,Other hard fibers,2015-2020,Import,,
16,FIBERINDUS,Other hard fibers,2020-2025,Import,,
17,FIBERINDUS,Other soft fibers,2000-2005,Export,,
17,FIBERINDUS,Other soft fibers,2005-2010,Export,,
17,FIBERINDUS,Other soft fibers,2010-2015,Export,,
17,FIBERINDUS,Other soft fibers,2015-2020,Export,,
17,FIBERINDUS,Other soft fibers,2020-2025,Export,,
17,FIBERINDUS,Other soft fibers,2000-2005,Import,,
17,FIBERINDUS,Other soft fibers,2005-2010,Import,,
17,FIBERINDUS,Other soft fibers,2010-2015,Import,,
17,FIBERINDUS,Other soft fibers,2015-2020,Import,,
17,FIBERINDUS,Other soft fibers,2020-2025,Import,,
18,OLSOIL,Cotton (seed),2000-2005,Export,0.0,0.0
18,OLSOIL,Cotton (seed),2005-2010,Export,0.0,0.0
18,OLSOIL,Cotton (seed),2010-2015,Export,715072.2,0.0017323852
18,OLSOIL,Cotton (seed),2015-2020,Export,26551.52,3.17908e-05
18,OLSOIL,Cotton (seed),2020-2025,Export,35105.448,7.25286e-05
18,OLSOIL,Cotton (seed),2000-2005,Import,0.0,0.0
18,OLSOIL,Cotton (seed),2005-2010,Import,0.0,0.0
18,OLSOIL,Cotton (seed),2010-2015,Import,48250.0,1.57088e-05
18,OLSOIL,Cotton (seed),2015-2020,Import,7436.4800000000005,3.0074600000000002e-05
18,OLSOIL,Cotton (seed),2020-2025,Import,154.33599999999998,1.6e-08
19,OLSOIL,Rapeseed,2000-2005,Export,244111.542,0.0008882655999999999
19,OLSOIL,Rapeseed,2005-2010,Export,990408.2,0.0019581494
19,OLSOIL,Rapeseed,2010-2015,Export,1888453.8,0.0044363356
19,OLSOIL,Rapeseed,2015-2020,Export,92491.218,0.00011862179999999999
19,OLSOIL,Rapeseed,2020-2025,Export,207198.18,0.000220295
19,OLSOIL,Rapeseed,2000-2005,Import,124833273.318,0.477360236
19,OLSOIL,Rapeseed,2005-2010,Import,304140592.2,0.7551577359999999
19,OLSOIL,Rapeseed,2010-2015,Import,485184182.8,0.8323838142
19,OLSOIL,Rapeseed,2015-2020,Import,415930005.69,0.7932608128
19,OLSOIL,Rapeseed,2020-2025,Import,432222859.39800006,0.7258462926
20,OLSOIL,Sesame,2000-2005,Export,8707913.718,0.0161111342
20,OLSOIL,Sesame,2005-2010,Export,22134746.6,0.0216390884
20,OLSOIL,Sesame,2010-2015,Export,36463357.8,0.021999995799999998
20,OLSOIL,Sesame,2015-2020,Export,46071702.702,0.0320731414
20,OLSOIL,Sesame,2020-2025,Export,232005520.31199998,0.16176579539999997
20,OLSOIL,Sesame,2000-2005,Import,69667.264,0.0001316524
20,OLSOIL,Sesame,2005-2010,Import,30081.4,5.3958e-05
20,OLSOIL,Sesame,2010-2015,Import,41990.4,2.17838e-05
20,OLSOIL,Sesame,2015-2020,Import,13255.929999999998,1.12996e-05
20,OLSOIL,Sesame,2020-2025,Import,377.772,9.534000000000001e-07
21,OLSOIL,Sunflower,2000-2005,Export,57678.8,1.9622999999999998e-05
21,OLSOIL,Sunflower,2005-2010,Export,227.6,3e-07
21,OLSOIL,Sunflower,2010-2015,Export,5670.0,3.216e-06
21,OLSOIL,Sunflower,2015-2020,Export,26603.264000000003,6.28724e-05
21,OLSOIL,Sunflower,2020-2025,Export,9.78,1.5e-08
21,OLSOIL,Sunflower,2000-2005,Import,19404848.694,0.0685562108
21,OLSOIL,Sunflower,2005-2010,Import,47677543.0,0.1253277706
21,OLSOIL,Sunflower,2010-2015,Import,61404039.2,0.0792212972
21,OLSOIL,Sunflower,2015-2020,Import,20742502.276,0.0214721038
21,OLSOIL,Sunflower,2020-2025,Import,17069431.19,0.0284547702
22,OLSOIL,Oil palm fruit,2000-2005,Export,6544.2,5.1825e-07
22,OLSOIL,Oil palm fruit,2005-2010,Export,0.0,0.0
22,OLSOIL,Oil palm fruit,2010-2015,Export,0.0,0.0
22,OLSOIL,Oil palm fruit,2015-2020,Export,26990.078,1.22002e-05
22,OLSOIL,Oil palm fruit,2020-2025,Export,0.0,0.0
22,OLSOIL,Oil palm fruit,2000-2005,Import,179417.75,0.0009575223333333333
22,OLSOIL,Oil palm fruit,2005-2010,Import,0.0,0.0
22,OLSOIL,Oil palm fruit,2010-2015,Import,0.0,0.0
22,OLSOIL,Oil palm fruit,2015-2020,Import,173.0,6e-07
22,OLSOIL,Oil palm fruit,2020-2025,Import,0.0,0.0
23,OLSOIL,Olive,2000-2005,Export,0.0,0.0
23,OLSOIL,Olive,2005-2010,Export,0.0,0.0
23,OLSOIL,Olive,2010-2015,Export,1562.4,6.6072e-06
23,OLSOIL,Olive,2015-2020,Export,191096.75400000002,0.0003264718
23,OLSOIL,Olive,2020-2025,Export,0.0,0.0
23,OLSOIL,Olive,2000-2005,Import,0.0,0.0
23,OLSOIL,Olive,2005-2010,Import,0.0,0.0
23,OLSOIL,Olive,2010-2015,Import,130.8,7.9e-08
23,OLSOIL,Olive,2015-2020,Import,1837.2040000000002,2.536e-06
23,OLSOIL,Olive,2020-2025,Import,71.35799999999999,6.040000000000001e-08
24,OLSOIL,Soybean oil,2000-2005,Export,1161.3333333333333,2.143e-06
24,OLSOIL,Soybean oil,2005-2010,Export,508.4,4.41e-07
24,OLSOIL,Soybean oil,2010-2015,Export,0.0,0.0
24,OLSOIL,Soybean oil,2015-2020,Export,1365.58,6.428e-06
24,OLSOIL,Soybean oil,2020-2025,Export,480641.81000000006,0.00035335900000000003
24,OLSOIL,Soybean oil,2000-2005,Import,46653330.8,0.11035777040000001
24,OLSOIL,Soybean oil,2005-2010,Import,55707495.0,0.0655533078
24,OLSOIL,Soybean oil,2010-2015,Import,73546423.0,0.0691537972
24,OLSOIL,Soybean oil,2015-2020,Import,122427977.83199999,0.12294641799999999
24,OLSOIL,Soybean oil,2020-2025,Import,175795736.352,0.1516941672
25,OLSOIL,Coconut oil,2000-2005,Export,47785.2,8.08668e-05
25,OLSOIL,Coconut oil,2005-2010,Export,3265.2,1.9714000000000003e-06
25,OLSOIL,Coconut oil,2010-2015,Export,8067.4,2.5333999999999997e-06
25,OLSOIL,Coconut oil,2015-2020,Export,21613.140000000003,7.879e-06
25,OLSOIL,Coconut oil,2020-2025,Export,61547.83400000001,3.09422e-05
25,OLSOIL,Coconut oil,2000-2005,Import,4219840.39,0.0102349174
25,OLSOIL,Coconut oil,2005-2010,Import,7975439.4,0.0084268896
25,OLSOIL,Coconut oil,2010-2015,Import,9366231.8,0.0071607649999999995
25,OLSOIL,Coconut oil,2015-2020,Import,7882351.646000001,0.0063117754
25,OLSOIL,Coconut oil,2020-2025,Import,6687093.556,0.0057697498
26,OLSOIL,Groundnut oil,2000-2005,Export,3745.4,1.1724e-06
26,OLSOIL,Groundnut oil,2005-2010,Export,677.4,2.36e-07
26,OLSOIL,Groundnut oil,2010-2015,Export,20798.4,5.7324e-06
26,OLSOIL,Groundnut oil,2015-2020,Export,24426.222,1.0300400000000002e-05
26,OLSOIL,Groundnut oil,2020-2025,Export,22206.112,4.749e-06
26,OLSOIL,Groundnut oil,2000-2005,Import,42017.25,6.96975e-06
26,OLSOIL,Groundnut oil,2005-2010,Import,63171.2,4.5160399999999995e-05
26,OLSOIL,Groundnut oil,2010-2015,Import,101444.8,3.2838e-05
26,OLSOIL,Groundnut oil,2015-2020,Import,51316.598,1.3728000000000001e-05
26,OLSOIL,Groundnut oil,2020-2025,Import,21121.863999999998,4.6267999999999995e-06
27,OLSOIL,Palm oil,2000-2005,Export,7310.0,1.6362750000000002e-05
27,OLSOIL,Palm oil,2005-2010,Export,88121.6,6.4857e-05
27,OLSOIL,Palm oil,2010-2015,Export,687630.0,0.0006406936
27,OLSOIL,Palm oil,2015-2020,Export,417210.0,0.0003636086
27,OLSOIL,Palm oil,2020-2025,Export,147787.386,0.0001389144
27,OLSOIL,Palm oil,2000-2005,Import,450483508.0,1.1251520104000001
27,OLSOIL,Palm oil,2005-2010,Import,1117504703.4,1.7068898504
27,OLSOIL,Palm oil,2010-2015,Import,1986471730.0,2.1186466576000003
27,OLSOIL,Palm oil,2015-2020,Import,1826749345.8079998,2.8049350455999997
27,OLSOIL,Palm oil,2020-2025,Import,3034745820.83,3.0260723444
28,OLSOIL,Other oils,2000-2005,Export,10618.5,1.5174749999999999e-05
28,OLSOIL,Other oils,2005-2010,Export,51395.0,2.36692e-05
28,OLSOIL,Other oils,2010-2015,Export,99946.6,4.47686e-05
28,OLSOIL,Other oils,2015-2020,Export,107046.782,5.614320000000001e-05
28,OLSOIL,Other oils,2020-2025,Export,2249513.248,0.0013560436000000001
28,OLSOIL,Other oils,2000-2005,Import,9870806.6,0.023525795
28,OLSOIL,Other oils,2005-2010,Import,8316101.4,0.0089489908
28,OLSOIL,Other oils,2010-2015,Import,13401787.0,0.0103202654
28,OLSOIL,Other oils,2015-2020,Import,14101480.668000001,0.011035552399999999
28,OLSOIL,Other oils,2020-2025,Import,25174692.29,0.0212500622
29,OLSCAKE,Cotton cake,2000-2005,Export,50152.666666666664,0.0003987583333333333
29,OLSCAKE,Cotton cake,2005-2010,Export,24917.6,0.00017090159999999998
29,OLSCAKE,Cotton cake,2010-2015,Export,1057756.8,0.003238945
29,OLSCAKE,Cotton cake,2015-2020,Export,3153.518,1.7999999999999997e-05
29,OLSCAKE,Cotton cake,2020-2025,Export,123385.65799999998,0.0003674192
29,OLSCAKE,Cotton cake,2000-2005,Import,1325.0,1.5e-05
29,OLSCAKE,Cotton cake,2005-2010,Import,33438.6,0.00028247339999999996
29,OLSCAKE,Cotton cake,2010-2015,Import,33257.0,0.000261368
29,OLSCAKE,Cotton cake,2015-2020,Import,2526.976,1.39172e-05
29,OLSCAKE,Cotton cake,2020-2025,Import,3911.262,1.1233e-05
30,OLSCAKE,Groundnut cake,2000-2005,Export,14072.0,5.1e-05
30,OLSCAKE,Groundnut cake,2005-2010,Export,4860.0,2.45328e-05
30,OLSCAKE,Groundnut cake,2010-2015,Export,121467.2,0.0003594706
30,OLSCAKE,Groundnut cake,2015-2020,Export,8469.642,3.8101599999999994e-05
30,OLSCAKE,Groundnut cake,2020-2025,Export,0.0,0.0
30,OLSCAKE,Groundnut cake,2000-2005,Import,0.0,0.0
30,OLSCAKE,Groundnut cake,2005-2010,Import,0.0,0.0
30,OLSCAKE,Groundnut cake,2010-2015,Import,132.2,2.7999999999999997e-07
30,OLSCAKE,Groundnut cake,2015-2020,Import,0.0,0.0
30,OLSCAKE,Groundnut cake,2020-2025,Import,0.0,0.0
31,OLSCAKE,Rapeseed cake,2000-2005,Export,479576.5,0.002967329
31,OLSCAKE,Rapeseed cake,2005-2010,Export,1851294.4,0.0093120932
31,OLSCAKE,Rapeseed cake,2010-2015,Export,24056457.2,0.0723909874
31,OLSCAKE,Rapeseed cake,2015-2020,Export,9897516.756000001,0.0355498348
31,OLSCAKE,Rapeseed cake,2020-2025,Export,7905027.384000001,0.0224107838
31,OLSCAKE,Rapeseed cake,2000-2005,Import,0.0,0.0
31,OLSCAKE,Rapeseed cake,2005-2010,Import,140.0,7.898000000000002e-07
31,OLSCAKE,Rapeseed cake,2010-2015,Import,5525559.8,0.016044461
31,OLSCAKE,Rapeseed cake,2015-2020,Import,66576.004,0.000187923
31,OLSCAKE,Rapeseed cake,2020-2025,Import,395089.234,0.0029552595999999998
32,OLSCAKE,Other oilseed cake,2000-2005,Export,182231.2,0.0012773862
32,OLSCAKE,Other oilseed cake,2005-2010,Export,152735.4,0.0007572652000000001
32,OLSCAKE,Other oilseed cake,2010-2015,Export,1796204.2,0.0064787912
32,OLSCAKE,Other oilseed cake,2015-2020,Export,368348.344,0.001590221
32,OLSCAKE,Other oilseed cake,2020-2025,Export,383671.11799999996,0.0016469126000000001
32,OLSCAKE,Other oilseed cake,2000-2005,Import,853.3333333333334,5.333333333333333e-06
32,OLSCAKE,Other oilseed cake,2005-2010,Import,3814.8,2.01368e-05
32,OLSCAKE,Other oilseed cake,2010-2015,Import,11375.8,6.690719999999999e-05
32,OLSCAKE,Other oilseed cake,2015-2020,Import,751002.58,0.0033754676000000003
32,OLSCAKE,Other oilseed cake,2020-2025,Import,0.0,0.0
33,PULSES,Gram / Chickpea,2000-2005,Export,2859352.0379999997,0.0092088704
33,PULSES,Gram / Chickpea,2005-2010,Export,7339214.0,0.019639732
33,PULSES,Gram / Chickpea,2010-2015,Export,34829.0,3.4314e-05
33,PULSES,Gram / Chickpea,2015-2020,Export,391.2,4e-07
33,PULSES,Gram / Chickpea,2020-2025,Export,75860.44200000001,8.18584e-05
33,PULSES,Gram / Chickpea,2000-2005,Import,37390356.063999996,0.1106927778
33,PULSES,Gram / Chickpea,2005-2010,Import,71477816.8,0.1265280382
33,PULSES,Gram / Chickpea,2010-2015,Import,115088480.2,0.1682998612
33,PULSES,Gram / Chickpea,2015-2020,Import,229284090.73000002,0.31810578720000005
33,PULSES,Gram / Chickpea,2020-2025,Import,242713343.922,0.3641279544
34,PULSES,Mung bean,2000-2005,Export,168439.6,0.0004621524
34,PULSES,Mung bean,2005-2010,Export,10924.0,2.3129200000000002e-05
34,PULSES,Mung bean,2010-2015,Export,63592.4,8.099999999999999e-05
34,PULSES,Mung bean,2015-2020,Export,0.0,0.0
34,PULSES,Mung bean,2020-2025,Export,0.0,0.0
34,PULSES,Mung bean,2000-2005,Import,997021.4,0.0032211744
34,PULSES,Mung bean,2005-2010,Import,373020.4,0.0008957577999999999
34,PULSES,Mung bean,2010-2015,Import,993219.8,0.0012713398
34,PULSES,Mung bean,2015-2020,Import,1285778.7480000001,0.0020097682000000004
34,PULSES,Mung bean,2020-2025,Import,11704189.474,0.0170518406
35,PULSES,Lentil / Beans,2000-2005,Export,7972355.63,0.0213212086
35,PULSES,Lentil / Beans,2005-2010,Export,4544428.8,0.0097055314
35,PULSES,Lentil / Beans,2010-2015,Export,156450.2,0.000177203
35,PULSES,Lentil / Beans,2015-2020,Export,105725.85800000001,0.000121382
35,PULSES,Lentil / Beans,2020-2025,Export,0.0,0.0
35,PULSES,Lentil / Beans,2000-2005,Import,12865320.408,0.0374097664
35,PULSES,Lentil / Beans,2005-2010,Import,48720739.8,0.091514036
35,PULSES,Lentil / Beans,2010-2015,Import,69795118.0,0.10149591179999999
35,PULSES,Lentil / Beans,2015-2020,Import,90630856.764,0.1374884874
35,PULSES,Lentil / Beans,2020-2025,Import,140242960.57399997,0.202650342
36,PULSES,Peas,2000-2005,Export,191038.86200000002,0.0006739266
36,PULSES,Peas,2005-2010,Export,1051099.6,0.0029502108
36,PULSES,Peas,2010-2015,Export,2628938.8,0.0031985396
36,PULSES,Peas,2015-2020,Export,5144.4,1.02e-05
36,PULSES,Peas,2020-2025,Export,0.0,0.0
36,PULSES,Peas,2000-2005,Import,12336801.0,0.0670685324
36,PULSES,Peas,2005-2010,Import,31232560.2,0.09441810180000001
36,PULSES,Peas,2010-2015,Import,86238796.6,0.1690369642
36,PULSES,Peas,2015-2020,Import,165457749.12,0.32059370779999996
36,PULSES,Peas,2020-2025,Import,242822437.736,0.45651377460000003
37,PULSES,Other pulses,2000-2005,Export,23900350.028,0.061408657600000006
37,PULSES,Other pulses,2005-2010,Export,31873448.2,0.09033830000000001
37,PULSES,Other pulses,2010-2015,Export,98739856.6,0.10137370539999999
37,PULSES,Other pulses,2015-2020,Export,36487030.642000005,0.0832616378
37,PULSES,Other pulses,2020-2025,Export,45154994.792,0.1044754412
37,PULSES,Other pulses,2000-2005,Import,6381930.518,0.029750666599999996
37,PULSES,Other pulses,2005-2010,Import,29699900.6,0.0606667148
37,PULSES,Other pulses,2010-2015,Import,43872947.2,0.057183224
37,PULSES,Other pulses,2015-2020,Import,67837142.694,0.08570084780000001
37,PULSES,Other pulses,2020-2025,Import,77919753.64400001,0.0915264384
38,ROOTS,Potato,2000-2005,Export,6942003.0,0.053349775999999995
38,ROOTS,Potato,2005-2010,Export,21725623.0,0.14380222580000002
38,ROOTS,Potato,2010-2015,Export,83068931.6,0.3205106038
38,ROOTS,Potato,2015-2020,Export,103565535.436,0.5180355402
38,ROOTS,Potato,2020-2025,Export,135492418.95999998,0.6290404398
38,ROOTS,Potato,2000-2005,Import,1185094.4,0.0062249618
38,ROOTS,Potato,2005-2010,Import,14238931.8,0.0770274354
38,ROOTS,Potato,2010-2015,Import,25485542.8,0.0791123842
38,ROOTS,Potato,2015-2020,Import,10275041.428,0.0581207836
38,ROOTS,Potato,2020-2025,Import,15702220.662,0.041608243
39,ROOTS,Sweet potato,2000-2005,Export,23641.6,2.62098e-05
39,ROOTS,Sweet potato,2005-2010,Export,20.0,2e-08
39,ROOTS,Sweet potato,2010-2015,Export,701.4,2.0136e-06
39,ROOTS,Sweet potato,2015-2020,Export,5585.156,1.23972e-05
39,ROOTS,Sweet potato,2020-2025,Export,4389.6720000000005,9.029000000000001e-06
39,ROOTS,Sweet potato,2000-2005,Import,0.0,0.0
39,ROOTS,Sweet potato,2005-2010,Import,94.4,8e-08
39,ROOTS,Sweet potato,2010-2015,Import,7744.8,3.45186e-05
39,ROOTS,Sweet potato,2015-2020,Import,0.0,0.0
39,ROOTS,Sweet potato,2020-2025,Import,0.0,0.0
40,ROOTS,Cassava,2000-2005,Export,,
40,ROOTS,Cassava,2005-2010,Export,,
40,ROOTS,Cassava,2010-2015,Export,,
40,ROOTS,Cassava,2015-2020,Export,,
40,ROOTS,Cassava,2020-2025,Export,,
40,ROOTS,Cassava,2000-2005,Import,,
40,ROOTS,Cassava,2005-2010,Import,,
40,ROOTS,Cassava,2010-2015,Import,,
40,ROOTS,Cassava,2015-2020,Import,,
40,ROOTS,Cassava,2020-2025,Import,,
41,ROOTS,Yams,2000-2005,Export,,
41,ROOTS,Yams,2005-2010,Export,,
41,ROOTS,Yams,2010-2015,Export,,
41,ROOTS,Yams,2015-2020,Export,,
41,ROOTS,Yams,2020-2025,Export,,
41,ROOTS,Yams,2000-2005,Import,,
41,ROOTS,Yams,2005-2010,Import,,
41,ROOTS,Yams,2010-2015,Import,,
41,ROOTS,Yams,2015-2020,Import,,
41,ROOTS,Yams,2020-2025,Import,,
42,ROOTS,Other tubers,2000-2005,Export,,
42,ROOTS,Other tubers,2005-2010,Export,,
42,ROOTS,Other tubers,2010-2015,Export,,
42,ROOTS,Other tubers,2015-2020,Export,,
42,ROOTS,Other tubers,2020-2025,Export,,
42,ROOTS,Other tubers,2000-2005,Import,,
42,ROOTS,Other tubers,2005-2010,Import,,
42,ROOTS,Other tubers,2010-2015,Import,,
42,ROOTS,Other tubers,2015-2020,Import,,
42,ROOTS,Other tubers,2020-2025,Import,,
43,FRUVEG,Apple,2000-2005,Export,285752.25,0.0007708198
43,FRUVEG,Apple,2005-2010,Export,275878.8,0.000720231
43,FRUVEG,Apple,2010-2015,Export,520815.8,0.0012498017999999999
43,FRUVEG,Apple,2015-2020,Export,222827.77599999998,0.0004094792
43,FRUVEG,Apple,2020-2025,Export,313066.02,0.0005902958
43,FRUVEG,Apple,2000-2005,Import,362113.2,0.0020215782
43,FRUVEG,Apple,2005-2010,Import,1687452.2,0.009054937
43,FRUVEG,Apple,2010-2015,Import,5856274.2,0.0227597688
43,FRUVEG,Apple,2015-2020,Import,33393033.169999998,0.0651723804
43,FRUVEG,Apple,2020-2025,Import,17352277.23,0.0323371586
44,FRUVEG,Banana,2000-2005,Export,389715.808,0.0032149086
44,FRUVEG,Banana,2005-2010,Export,4289323.4,0.0335760646
44,FRUVEG,Banana,2010-2015,Export,20995107.8,0.054947398599999996
44,FRUVEG,Banana,2015-2020,Export,22911219.832,0.0662166434
44,FRUVEG,Banana,2020-2025,Export,20367268.364,0.1011915562
44,FRUVEG,Banana,2000-2005,Import,0.0,0.0
44,FRUVEG,Banana,2005-2010,Import,245.2,5.802e-07
44,FRUVEG,Banana,2010-2015,Import,522298.6,0.0009754336
44,FRUVEG,Banana,2015-2020,Import,9139.308,8.324e-06
44,FRUVEG,Banana,2020-2025,Import,31293.154,1.2780800000000001e-05
45,FRUVEG,Coconut,2000-2005,Export,5258.4875,8.508749999999999e-06
45,FRUVEG,Coconut,2005-2010,Export,5294.6,1.704e-06
45,FRUVEG,Coconut,2010-2015,Export,14510.2,8.380000000000001e-06
45,FRUVEG,Coconut,2015-2020,Export,22887.586,8.9884e-06
45,FRUVEG,Coconut,2020-2025,Export,20208.334,5.6254e-06
45,FRUVEG,Coconut,2000-2005,Import,2656098.2,0.003843515
45,FRUVEG,Coconut,2005-2010,Import,5690467.2,0.0069724524
45,FRUVEG,Coconut,2010-2015,Import,6178549.6,0.007016156
45,FRUVEG,Coconut,2015-2020,Import,10542466.548,0.0077207896
45,FRUVEG,Coconut,2020-2025,Import,9369779.464,0.0139186444
46,FRUVEG,Date,2000-2005,Export,23483476.259999998,0.0641358142
46,FRUVEG,Date,2005-2010,Export,39380798.0,0.1013669186
46,FRUVEG,Date,2010-2015,Export,72606061.6,0.1359057264
46,FRUVEG,Date,2015-2020,Export,95524766.26,0.14025266819999999
46,FRUVEG,Date,2020-2025,Export,50277007.922000006,0.1179169782
46,FRUVEG,Date,2000-2005,Import,5405857.0,0.028718937
46,FRUVEG,Date,2005-2010,Import,3882958.6,0.016737716399999998
46,FRUVEG,Date,2010-2015,Import,3503454.0,0.0063948758
46,FRUVEG,Date,2015-2020,Import,8430500.092,0.0073771028
46,FRUVEG,Date,2020-2025,Import,15086712.331999999,0.06205288099999999
47,FRUVEG,Grape,2000-2005,Export,1880998.0559999999,0.004852228
47,FRUVEG,Grape,2005-2010,Export,479203.4,0.0008198966000000001
47,FRUVEG,Grape,2010-2015,Export,509260.4,0.0009470132000000001
47,FRUVEG,Grape,2015-2020,Export,214375.796,0.0004804468
47,FRUVEG,Grape,2020-2025,Export,45425.433999999994,6.16036e-05
47,FRUVEG,Grape,2000-2005,Import,4262375.0,0.026160248399999995
47,FRUVEG,Grape,2005-2010,Import,9749666.8,0.0393913756
47,FRUVEG,Grape,2010-2015,Import,20404922.8,0.040171152599999996
47,FRUVEG,Grape,2015-2020,Import,84370991.57000001,0.11795730980000001
47,FRUVEG,Grape,2020-2025,Import,63811920.893999994,0.17285657940000002
48,FRUVEG,Grapefruit,2000-2005,Export,10050.8,4.2482400000000005e-05
48,FRUVEG,Grapefruit,2005-2010,Export,9500.2,2.76534e-05
48,FRUVEG,Grapefruit,2010-2015,Export,8519.4,1.5173200000000002e-05
48,FRUVEG,Grapefruit,2015-2020,Export,1176.478,2.0066e-06
48,FRUVEG,Grapefruit,2020-2025,Export,0.0,0.0
48,FRUVEG,Grapefruit,2000-2005,Import,0.0,0.0
48,FRUVEG,Grapefruit,2005-2010,Import,509.6,7.509999999999999e-07
48,FRUVEG,Grapefruit,2010-2015,Import,6677.4,1.1786199999999999e-05
48,FRUVEG,Grapefruit,2015-2020,Import,11944.022,2.12294e-05
48,FRUVEG,Grapefruit,2020-2025,Import,710.25,4.8e-06
49,FRUVEG,Lemon,2000-2005,Export,1441.8333333333333,7.669666666666667e-06
49,FRUVEG,Lemon,2005-2010,Export,20430.8,5.51238e-05
49,FRUVEG,Lemon,2010-2015,Export,72139.2,7.12838e-05
49,FRUVEG,Lemon,2015-2020,Export,137168.68600000002,0.0001819098
49,FRUVEG,Lemon,2020-2025,Export,964221.8300000001,0.0025940396
49,FRUVEG,Lemon,2000-2005,Import,8879.333333333334,2.5885333333333334e-05
49,FRUVEG,Lemon,2005-2010,Import,3360.2,6.9762e-06
49,FRUVEG,Lemon,2010-2015,Import,4145.0,5.1312e-06
49,FRUVEG,Lemon,2015-2020,Import,9740.128,1.7291e-05
49,FRUVEG,Lemon,2020-2025,Import,1034.542,2.9218e-06
50,FRUVEG,Onion,2000-2005,Export,6148352.4,0.0438896018
50,FRUVEG,Onion,2005-2010,Export,7422006.8,0.0417049956
50,FRUVEG,Onion,2010-2015,Export,30761594.6,0.36306122539999997
50,FRUVEG,Onion,2015-2020,Export,38140198.96,0.2101253186
50,FRUVEG,Onion,2020-2025,Export,121847853.55,0.291325226
50,FRUVEG,Onion,2000-2005,Import,728903.6,0.014690478000000002
50,FRUVEG,Onion,2005-2010,Import,31080086.4,0.1628266412
50,FRUVEG,Onion,2010-2015,Import,25335542.2,0.117040162
50,FRUVEG,Onion,2015-2020,Import,14446647.418000001,0.0781324158
50,FRUVEG,Onion,2020-2025,Import,65932574.029999994,0.3549250084
51,FRUVEG,Orange,2000-2005,Export,22895273.154,0.0833138288
51,FRUVEG,Orange,2005-2010,Export,43081615.6,0.17319327140000002
51,FRUVEG,Orange,2010-2015,Export,137574840.6,0.3559278534
51,FRUVEG,Orange,2015-2020,Export,152721663.074,0.37783717980000003
51,FRUVEG,Orange,2020-2025,Export,125615408.70199999,0.3486042602
51,FRUVEG,Orange,2000-2005,Import,35783.454000000005,0.0001058304
51,FRUVEG,Orange,2005-2010,Import,20445.8,6.9259e-05
51,FRUVEG,Orange,2010-2015,Import,165466.2,0.00041817040000000007
51,FRUVEG,Orange,2015-2020,Import,154762.06399999998,0.0003467052
51,FRUVEG,Orange,2020-2025,Import,8317.01,3.50862e-05
52,FRUVEG,Pineapple,2000-2005,Export,,
52,FRUVEG,Pineapple,2005-2010,Export,,
52,FRUVEG,Pineapple,2010-2015,Export,,
52,FRUVEG,Pineapple,2015-2020,Export,,
52,FRUVEG,Pineapple,2020-2025,Export,,
52,FRUVEG,Pineapple,2000-2005,Import,,
52,FRUVEG,Pineapple,2005-2010,Import,,
52,FRUVEG,Pineapple,2010-2015,Import,,
52,FRUVEG,Pineapple,2015-2020,Import,,
52,FRUVEG,Pineapple,2020-2025,Import,,
53,FRUVEG,Plantain,2000-2005,Export,0.0,0.0
53,FRUVEG,Plantain,2005-2010,Export,0.0,0.0
53,FRUVEG,Plantain,2010-2015,Export,74362.2,0.0001733082
53,FRUVEG,Plantain,2015-2020,Export,282396.462,0.0008556448
53,FRUVEG,Plantain,2020-2025,Export,1725223.4679999999,0.01151557
53,FRUVEG,Plantain,2000-2005,Import,0.0,0.0
53,FRUVEG,Plantain,2005-2010,Import,0.0,0.0
53,FRUVEG,Plantain,2010-2015,Import,166359.4,0.0005763442
53,FRUVEG,Plantain,2015-2020,Import,4597.5419999999995,3.6364e-06
53,FRUVEG,Plantain,2020-2025,Import,499.77799999999996,1.5800000000000001e-06
54,FRUVEG,Tomato,2000-2005,Export,73388.6,0.0007543582
54,FRUVEG,Tomato,2005-2010,Export,1317704.0,0.0100113522
54,FRUVEG,Tomato,2010-2015,Export,6367020.2,0.0158922046
54,FRUVEG,Tomato,2015-2020,Export,5527726.906,0.0163511144
54,FRUVEG,Tomato,2020-2025,Export,5215353.75,0.0287367394
54,FRUVEG,Tomato,2000-2005,Import,37233.75,0.00035210975
54,FRUVEG,Tomato,2005-2010,Import,13580544.2,0.0437758964
54,FRUVEG,Tomato,2010-2015,Import,98340663.6,0.2174749554
54,FRUVEG,Tomato,2015-2020,Import,62763541.33400001,0.19901552900000002
54,FRUVEG,Tomato,2020-2025,Import,56303122.234000005,0.365170322
55,FRUVEG,Other citrus,2000-2005,Export,76819.0,0.0005874226
55,FRUVEG,Other citrus,2005-2010,Export,124214.8,0.0004436138
55,FRUVEG,Other citrus,2010-2015,Export,15260894.0,0.036803886200000004
55,FRUVEG,Other citrus,2015-2020,Export,13925319.394,0.0373192138
55,FRUVEG,Other citrus,2020-2025,Export,7827444.256,0.037315679000000004
55,FRUVEG,Other citrus,2000-2005,Import,25867.25,0.00010179750000000001
55,FRUVEG,Other citrus,2005-2010,Import,5149.2,3.70226e-05
55,FRUVEG,Other citrus,2010-2015,Import,37.0,2.8999999999999998e-08
55,FRUVEG,Other citrus,2015-2020,Import,81103.7,9.07896e-05
55,FRUVEG,Other citrus,2020-2025,Import,321700.354,0.0004325652
56,FRUVEG,Other fruits,2000-2005,Export,26672631.434,0.0603156002
56,FRUVEG,Other fruits,2005-2010,Export,33311249.8,0.09730693700000001
56,FRUVEG,Other fruits,2010-2015,Export,50973505.4,0.1073811458
56,FRUVEG,Other fruits,2015-2020,Export,74448616.612,0.0740582844
56,FRUVEG,Other fruits,2020-2025,Export,126095365.222,0.1458169574
56,FRUVEG,Other fruits,2000-2005,Import,973332.0,0.0060993720000000005
56,FRUVEG,Other fruits,2005-2010,Import,2657081.4,0.008953488800000001
56,FRUVEG,Other fruits,2010-2015,Import,8263747.8,0.0161149364
56,FRUVEG,Other fruits,2015-2020,Import,27189033.926,0.0384504036
56,FRUVEG,Other fruits,2020-2025,Import,31145685.638,0.0589187464
57,FRUVEG,Other vegetables,2000-2005,Export,5737367.9,0.023223933199999998
57,FRUVEG,Other vegetables,2005-2010,Export,9241664.8,0.029968676
57,FRUVEG,Other vegetables,2010-2015,Export,33351802.6,0.0810856798
57,FRUVEG,Other vegetables,2015-2020,Export,47173464.515999995,0.0921015184
57,FRUVEG,Other vegetables,2020-2025,Export,27130691.360000003,0.0832656154
57,FRUVEG,Other vegetables,2000-2005,Import,7425071.108,0.027673022999999998
57,FRUVEG,Other vegetables,2005-2010,Import,37919090.4,0.0771972514
57,FRUVEG,Other vegetables,2010-2015,Import,52477263.2,0.054240632600000005
57,FRUVEG,Other vegetables,2015-2020,Import,71729607.484,0.0861827962
57,FRUVEG,Other vegetables,2020-2025,Import,79774915.414,0.16403748459999998
58,NUTS,Nuts,2000-2005,Export,6603149.795999999,0.0017575674
58,NUTS,Nuts,2005-2010,Export,4080891.4,0.0031062738000000004
58,NUTS,Nuts,2010-2015,Export,2881511.4,0.0008090424000000001
58,NUTS,Nuts,2015-2020,Export,2175512.874,0.0004414086
58,NUTS,Nuts,2020-2025,Export,13155694.003999999,0.001127144
58,NUTS,Nuts,2000-2005,Import,19468983.0,0.037339205800000004
58,NUTS,Nuts,2005-2010,Import,61085357.8,0.0753658282
58,NUTS,Nuts,2010-2015,Import,42646396.6,0.0440268126
58,NUTS,Nuts,2015-2020,Import,29723873.986,0.011893188
58,NUTS,Nuts,2020-2025,Import,28673727.594,0.0242943542
59,BEVSPICES,Tobacco,2000-2005,Export,7490498.472,0.0042021126
59,BEVSPICES,Tobacco,2005-2010,Export,8635947.0,0.0046062842
59,BEVSPICES,Tobacco,2010-2015,Export,22942630.0,0.0072354616
59,BEVSPICES,Tobacco,2015-2020,Export,16200716.672,0.005170628599999999
59,BEVSPICES,Tobacco,2020-2025,Export,52050662.084,0.0168388248
59,BEVSPICES,Tobacco,2000-2005,Import,2382028.5760000004,0.0008548498
59,BEVSPICES,Tobacco,2005-2010,Import,10445145.4,0.002448189
59,BEVSPICES,Tobacco,2010-2015,Import,13871916.4,0.0017145478
59,BEVSPICES,Tobacco,2015-2020,Import,14703935.078,0.0021209438
59,BEVSPICES,Tobacco,2020-2025,Import,16559564.772,0.007079748799999999
60,BEVSPICES,Tea,2000-2005,Export,282696.97400000005,8.26454e-05
60,BEVSPICES,Tea,2005-2010,Export,1880677.2,0.0005321379999999999
60,BEVSPICES,Tea,2010-2015,Export,8969898.6,0.0022084929999999997
60,BEVSPICES,Tea,2015-2020,Export,14700666.207999999,0.0029527516
60,BEVSPICES,Tea,2020-2025,Export,18580662.330000002,0.0039746386
60,BEVSPICES,Tea,2000-2005,Import,159889956.76,0.1035254502
60,BEVSPICES,Tea,2005-2010,Import,221274394.6,0.11076020680000001
60,BEVSPICES,Tea,2010-2015,Import,332350961.8,0.12449693879999998
60,BEVSPICES,Tea,2015-2020,Import,513004801.116,0.18875524640000002
60,BEVSPICES,Tea,2020-2025,Import,609404053.6719999,0.25017170580000003
61,BEVSPICES,Cocoa,2000-2005,Export,54362.6275,7.501775e-05
61,BEVSPICES,Cocoa,2005-2010,Export,26384.6,1.02088e-05
61,BEVSPICES,Cocoa,2010-2015,Export,1633.4,5.340000000000001e-07
61,BEVSPICES,Cocoa,2015-2020,Export,95043.69,2.20748e-05
61,BEVSPICES,Cocoa,2020-2025,Export,314433.32200000004,9.01686e-05
61,BEVSPICES,Cocoa,2000-2005,Import,1805691.2,0.0013937678
61,BEVSPICES,Cocoa,2005-2010,Import,4577521.4,0.0027218786000000003
61,BEVSPICES,Cocoa,2010-2015,Import,15326827.8,0.005541414999999999
61,BEVSPICES,Cocoa,2015-2020,Import,22460429.75,0.0092714102
61,BEVSPICES,Cocoa,2020-2025,Import,33421933.588,0.012985517400000002
62,BEVSPICES,Other spices,2000-2005,Export,3727569.994,0.003856098
62,BEVSPICES,Other spices,2005-2010,Export,6673787.2,0.005458998
62,BEVSPICES,Other spices,2010-2015,Export,6333525.0,0.0028512618
62,BEVSPICES,Other spices,2015-2020,Export,6794441.814,0.0035865861999999997
62,BEVSPICES,Other spices,2020-2025,Export,7154506.369999999,0.0036586609999999997
62,BEVSPICES,Other spices,2000-2005,Import,14946663.775999999,0.047328763600000004
62,BEVSPICES,Other spices,2005-2010,Import,40090054.4,0.07701384380000001
62,BEVSPICES,Other spices,2010-2015,Import,55762366.0,0.08176245680000001
62,BEVSPICES,Other spices,2015-2020,Import,84302302.814,0.1083240988
62,BEVSPICES,Other spices,2020-2025,Import,100152187.22,0.12185680539999999
63,FISH,Fish,2000-2005,Export,117587499.61199999,0.08200194460000002
63,FISH,Fish,2005-2010,Export,176794810.8,0.1179288466
63,FISH,Fish,2010-2015,Export,283345331.8,0.12608960959999999
63,FISH,Fish,2015-2020,Export,393337852.78000003,0.1691553576
63,FISH,Fish,2020-2025,Export,410501763.07799995,0.1844152738
63,FISH,Fish,2000-2005,Import,469387.816,0.0004841496
63,FISH,Fish,2005-2010,Import,1367740.0,0.001476592
63,FISH,Fish,2010-2015,Import,7166330.4,0.0024939114
63,FISH,Fish,2015-2020,Import,14871955.944,0.0072147866
63,FISH,Fish,2020-2025,Import,6615633.594,0.0039555608
64,ANIMFAT,Butter / Ghee,2000-2005,Export,39340.4,2.1941000000000002e-05
64,ANIMFAT,Butter / Ghee,2005-2010,Export,311321.6,9.40082e-05
64,ANIMFAT,Butter / Ghee,2010-2015,Export,1379894.0,0.00034106839999999995
64,ANIMFAT,Butter / Ghee,2015-2020,Export,458753.52800000005,8.38726e-05
64,ANIMFAT,Butter / Ghee,2020-2025,Export,1760012.052,0.00037046000000000003
64,ANIMFAT,Butter / Ghee,2000-2005,Import,246793.6,0.0001220816
64,ANIMFAT,Butter / Ghee,2005-2010,Import,302230.4,0.0001391178
64,ANIMFAT,Butter / Ghee,2010-2015,Import,700240.8,0.000272809
64,ANIMFAT,Butter / Ghee,2015-2020,Import,2682417.794,0.0008221025999999999
64,ANIMFAT,Butter / Ghee,2020-2025,Import,892353.888,0.001617403
65,ANIMFAT,Cream,2000-2005,Export,0.0,0.0
65,ANIMFAT,Cream,2005-2010,Export,0.0,0.0
65,ANIMFAT,Cream,2010-2015,Export,25641.8,2.41354e-05
65,ANIMFAT,Cream,2015-2020,Export,104585.50200000001,0.0002019686
65,ANIMFAT,Cream,2020-2025,Export,547707.4839999999,0.0014959886
65,ANIMFAT,Cream,2000-2005,Import,0.0,0.0
65,ANIMFAT,Cream,2005-2010,Import,0.0,0.0
65,ANIMFAT,Cream,2010-2015,Import,2512.0,9.104e-07
65,ANIMFAT,Cream,2015-2020,Import,294.2,6.62e-08
65,ANIMFAT,Cream,2020-2025,Import,0.0,0.0
66,ANIMFAT,Raw animal fat,2000-2005,Export,751.0,1.0846666666666668e-06
66,ANIMFAT,Raw animal fat,2005-2010,Export,5944.4,1.4e-06
66,ANIMFAT,Raw animal fat,2010-2015,Export,22508.4,1.12336e-05
66,ANIMFAT,Raw animal fat,2015-2020,Export,43522.772000000004,3.50438e-05
66,ANIMFAT,Raw animal fat,2020-2025,Export,4799.21,4.6244e-06
66,ANIMFAT,Raw animal fat,2000-2005,Import,36596549.4,0.1054518538
66,ANIMFAT,Raw animal fat,2005-2010,Import,45424302.0,0.078127032
66,ANIMFAT,Raw animal fat,2010-2015,Import,32885139.6,0.038633136
66,ANIMFAT,Raw animal fat,2015-2020,Import,15633765.99,0.0255714824
66,ANIMFAT,Raw animal fat,2020-2025,Import,2426424.13,0.0029409052
67,EGGS,Eggs,2000-2005,Export,837434.2,0.0009823056
67,EGGS,Eggs,2005-2010,Export,396454.8,0.0004802624
67,EGGS,Eggs,2010-2015,Export,2336309.0,0.001924429
67,EGGS,Eggs,2015-2020,Export,8280176.306,0.0056284926
67,EGGS,Eggs,2020-2025,Export,13952644.336,0.0072906178
67,EGGS,Eggs,2000-2005,Import,290424.0,4.36356e-05
67,EGGS,Eggs,2005-2010,Import,1259405.6,0.0004736202
67,EGGS,Eggs,2010-2015,Import,1685779.2,0.00044434
67,EGGS,Eggs,2015-2020,Import,723268.978,0.0002028668
67,EGGS,Eggs,2020-2025,Import,2236928.44,0.00019247880000000002
68,MILK,Milk,2000-2005,Export,2115227.6,0.0048962642
68,MILK,Milk,2005-2010,Export,24233169.6,0.0430038636
68,MILK,Milk,2010-2015,Export,54243084.6,0.0709735664
68,MILK,Milk,2015-2020,Export,31179898.106,0.0320620678
68,MILK,Milk,2020-2025,Export,9084526.712000001,0.014748112400000003
68,MILK,Milk,2000-2005,Import,6619345.523999999,0.0411512
68,MILK,Milk,2005-2010,Import,29634645.8,0.1071578674
68,MILK,Milk,2010-2015,Import,88803849.8,0.2720024928
68,MILK,Milk,2015-2020,Import,131851646.70199999,0.43728461220000003
68,MILK,Milk,2020-2025,Import,44808659.339999996,0.1649046314
69,POULTRY,Poultry meat,2000-2005,Export,9058.25,8.3295e-06
69,POULTRY,Poultry meat,2005-2010,Export,626.0,1.928e-07
69,POULTRY,Poultry meat,2010-2015,Export,3002724.0,0.0019020112
69,POULTRY,Poultry meat,2015-2020,Export,3075227.628,0.0030577022000000003
69,POULTRY,Poultry meat,2020-2025,Export,1696733.0899999999,0.0046879432
69,POULTRY,Poultry meat,2000-2005,Import,123458.0,0.00013983380000000002
69,POULTRY,Poultry meat,2005-2010,Import,7830.2,3.6999999999999997e-06
69,POULTRY,Poultry meat,2010-2015,Import,66426.0,3.35384e-05
69,POULTRY,Poultry meat,2015-2020,Import,240220.61000000002,9.865619999999999e-05
69,POULTRY,Poultry meat,2020-2025,Import,105633.41,0.000194378
70,REDMEAT,Beef,2000-2005,Export,3662864.0,0.0024133903999999998
70,REDMEAT,Beef,2005-2010,Export,19330317.8,0.008563002
70,REDMEAT,Beef,2010-2015,Export,91588624.8,0.033588249199999996
70,REDMEAT,Beef,2015-2020,Export,173156941.406,0.046468897599999996
70,REDMEAT,Beef,2020-2025,Export,304300881.48,0.07453803880000001
70,REDMEAT,Beef,2000-2005,Import,46709.2,1.70404e-05
70,REDMEAT,Beef,2005-2010,Import,5612859.4,0.0039247626
70,REDMEAT,Beef,2010-2015,Import,5277157.0,0.0013355314
70,REDMEAT,Beef,2015-2020,Import,2452781.592,0.0005338494
70,REDMEAT,Beef,2020-2025,Import,1488546.588,0.00034023159999999996
71,REDMEAT,Goat & Lamb,2000-2005,Export,7010883.203999999,0.002979587
71,REDMEAT,Goat & Lamb,2005-2010,Export,24356542.0,0.007284591
71,REDMEAT,Goat & Lamb,2010-2015,Export,65787243.2,0.0139709424
71,REDMEAT,Goat & Lamb,2015-2020,Export,36121793.386,0.0059231288
71,REDMEAT,Goat & Lamb,2020-2025,Export,53780206.466,0.006946467400000001
71,REDMEAT,Goat & Lamb,2000-2005,Import,25926.5,2.5063499999999998e-05
71,REDMEAT,Goat & Lamb,2005-2010,Import,298424.6,0.00016207939999999998
71,REDMEAT,Goat & Lamb,2010-2015,Import,193716.8,5.2793999999999996e-05
71,REDMEAT,Goat & Lamb,2015-2020,Import,1676959.446,0.0004880936
71,REDMEAT,Goat & Lamb,2020-2025,Import,35916.602,1.32598e-05
72,PORK,Pork,2000-2005,Export,,
72,PORK,Pork,2005-2010,Export,,
72,PORK,Pork,2010-2015,Export,,
72,PORK,Pork,2015-2020,Export,,
72,PORK,Pork,2020-2025,Export,,
72,PORK,Pork,2000-2005,Import,,
72,PORK,Pork,2005-2010,Import,,
72,PORK,Pork,2010-2015,Import,,
72,PORK,Pork,2015-2020,Import,,
72,PORK,Pork,2020-2025,Import,,
73,OTHER,Offal,2000-2005,Export,558516.0,0.0006979104
73,OTHER,Offal,2005-2010,Export,245091.2,0.0003758478
73,OTHER,Offal,2010-2015,Export,19151218.2,0.009968843000000002
73,OTHER,Offal,2015-2020,Export,20354633.872,0.0093996852
73,OTHER,Offal,2020-2025,Export,11748882.644,0.0058042946
73,OTHER,Offal,2000-2005,Import,25651.8,2.91294e-05
73,OTHER,Offal,2005-2010,Import,6442.6,2.4708e-06
73,OTHER,Offal,2010-2015,Import,893965.6,0.0007504003999999999
73,OTHER,Offal,2015-2020,Import,3345663.4960000003,0.0015690556000000002
73,OTHER,Offal,2020-2025,Import,209840.1,0.0005488002
74,ALCOHOL,Beer,2000-2005,Export,,
74,ALCOHOL,Beer,2005-2010,Export,,
74,ALCOHOL,Beer,2010-2015,Export,,
74,ALCOHOL,Beer,2015-2020,Export,,
74,ALCOHOL,Beer,2020-2025,Export,,
74,ALCOHOL,Beer,2000-2005,Import,,
74,ALCOHOL,Beer,2005-2010,Import,,
74,ALCOHOL,Beer,2010-2015,Import,,
74,ALCOHOL,Beer,2015-2020,Import,,
74,ALCOHOL,Beer,2020-2025,Import,,
75,ALCOHOL,Wine,2000-2005,Export,,
75,ALCOHOL,Wine,2005-2010,Export,,
75,ALCOHOL,Wine,2010-2015,Export,,
75,ALCOHOL,Wine,2015-2020,Export,,
75,ALCOHOL,Wine,2020-2025,Export,,
75,ALCOHOL,Wine,2000-2005,Import,,
75,ALCOHOL,Wine,2005-2010,Import,,
75,ALCOHOL,Wine,2010-2015,Import,,
75,ALCOHOL,Wine,2015-2020,Import,,
75,ALCOHOL,Wine,2020-2025,Import,,
76,ALCOHOL,Other alcoholic bev.,2000-2005,Export,,
76,ALCOHOL,Other alcoholic bev.,2005-2010,Export,,
76,ALCOHOL,Other alcoholic bev.,2010-2015,Export,,
76,ALCOHOL,Other alcoholic bev.,2015-2020,Export,,
76,ALCOHOL,Other alcoholic bev.,2020-2025,Export,,
76,ALCOHOL,Other alcoholic bev.,2000-2005,Import,,
76,ALCOHOL,Other alcoholic bev.,2005-2010,Import,,
76,ALCOHOL,Other alcoholic bev.,2010-2015,Import,,
76,ALCOHOL,Other alcoholic bev.,2015-2020,Import,,
76,ALCOHOL,Other alcoholic bev.,2020-2025,Import,,
