fable_number,commodity,unit,year,Punjab,Sindh,KPK,Balochistan,Pakistan,Province Sum Check
1,Wheat,'000 Tonnes,2000-01,15419.0,2226.5,764.0,614.2,19023.7,OK
1,Wheat,'000 Tonnes,2001-02,14594.4,2101.0,890.5,640.6,18226.5,OK
1,Wheat,'000 Tonnes,2002-03,15355.0,2109.2,1064.4,654.7,19183.3,OK
1,Wheat,'000 Tonnes,2003-04,15639.0,2172.2,1025.2,663.4,19499.8,OK
1,Wheat,'000 Tonnes,2004-05,17375.0,2508.6,1091.1,637.6,21612.3,OK
1,Wheat,'000 Tonnes,2005-06,16776.0,2750.3,1100.6,649.9,21276.8,OK
1,Wheat,'000 Tonnes,2006-07,17853.0,3409.2,1160.4,872.1,23294.7,OK
1,Wheat,'000 Tonnes,2007-08,15607.0,3411.4,1071.8,868.6,20958.8,OK
1,Wheat,'000 Tonnes,2008-09,18420.0,3540.2,1204.5,868.2,24032.9,OK
1,Wheat,'000 Tonnes,2009-10,17919.0,3703.1,1152.5,536.2,23310.8,OK
1,Wheat,'000 Tonnes,2010-11,19041.0,4287.9,1155.8,729.1,25213.8,OK
1,Wheat,'000 Tonnes,2011-12,17738.9,3761.5,1130.3,842.7,23473.4,OK
1,Wheat,'000 Tonnes,2012-13,18587.0,3598.7,1257.6,768.1,24211.4,OK
1,Wheat,'000 Tonnes,2013-14,19738.9,4002.1,1363.1,875.3,25979.4,OK
1,Wheat,'000 Tonnes,2014-15,19281.9,3672.2,1259.9,872.1,25086.1,OK
1,Wheat,'000 Tonnes,2015-16,19526.7,3834.6,1400.5,871.3,25633.1,OK
1,Wheat,'000 Tonnes,2016-17,20466.3,3910.4,1365.1,931.8,26673.6,OK
1,Wheat,'000 Tonnes,2017-18,19178.5,3639.5,1322.7,935.4,25076.1,OK
1,Wheat,'000 Tonnes,2018-19,18377.2,3778.9,1336.7,865.3,24358.1,OK
1,Wheat,'000 Tonnes,2019-20,19401.9,3848.1,1130.4,867.2,25247.6,OK
1,Wheat,'000 Tonnes,2020-21,20900.0,4043.2,1361.6,1159.3,27464.1,OK
1,Wheat,'000 Tonnes,2021-22,20032.0,3556.7,1362.8,1257.1,26208.7,OK
1,Wheat,'000 Tonnes,2022-23,21225.03,3940.17,1479.13,1516.23,28160.56,OK
1,Wheat,'000 Tonnes,2023-24,24243.3,4591.55,1493.8,1486.1,31814.74,OK
1,Wheat,'000 Tonnes,2024-25,22054.0,3542.51,1411.21,1470.57,28478.29,OK
2,Rice (paddy),'000 Tonnes,2000-01,2577.0,1682.3,131.2,412.1,4802.6,OK
2,Rice (paddy),'000 Tonnes,2001-02,2266.0,1159.1,121.7,335.2,3882.0,OK
2,Rice (paddy),'000 Tonnes,2002-03,2579.7,1299.7,131.7,467.4,4478.5,OK
2,Rice (paddy),'000 Tonnes,2003-04,2871.4,1432.8,130.8,412.6,4847.6,OK
2,Rice (paddy),'000 Tonnes,2004-05,2980.3,1499.7,123.2,421.6,5024.8,OK
2,Rice (paddy),'000 Tonnes,2005-06,3179.6,1721.0,117.5,529.1,5547.2,OK
2,Rice (paddy),'000 Tonnes,2006-07,3075.5,1761.8,122.9,478.2,5438.4,OK
2,Rice (paddy),'000 Tonnes,2007-08,3286.0,1817.7,128.3,331.4,5563.4,OK
2,Rice (paddy),'000 Tonnes,2008-09,3643.0,2537.1,128.2,643.7,6952.0,OK
2,Rice (paddy),'000 Tonnes,2009-10,3713.0,2422.3,102.4,645.0,6882.7,OK
2,Rice (paddy),'000 Tonnes,2010-11,3384.0,1230.3,78.4,130.6,4823.3,OK
2,Rice (paddy),'000 Tonnes,2011-12,3277.0,2260.1,94.7,528.6,6160.4,OK
2,Rice (paddy),'000 Tonnes,2012-13,3478.0,1843.9,93.8,120.2,5535.9,OK
2,Rice (paddy),'000 Tonnes,2013-14,3481.0,2617.3,111.9,587.9,6798.1,OK
2,Rice (paddy),'000 Tonnes,2014-15,3648.0,2652.6,131.0,571.2,7002.8,OK
2,Rice (paddy),'000 Tonnes,2015-16,3502.3,2572.8,153.8,572.7,6801.6,OK
2,Rice (paddy),'000 Tonnes,2016-17,3475.0,2661.6,157.0,554.5,6848.1,OK
2,Rice (paddy),'000 Tonnes,2017-18,3898.0,2850.5,147.5,553.8,7449.8,OK
2,Rice (paddy),'000 Tonnes,2018-19,3979.0,2571.1,153.8,498.1,7202.0,OK
2,Rice (paddy),'000 Tonnes,2019-20,4144.0,2576.5,158.5,535.0,7413.9,OK
2,Rice (paddy),'000 Tonnes,2020-21,5301.4,2416.1,158.5,543.7,8419.7,OK
2,Rice (paddy),'000 Tonnes,2021-22,5779.0,2861.4,157.5,524.7,9322.7,OK
2,Rice (paddy),'000 Tonnes,2022-23,5070.0,2011.8,137.27,103.16,7322.23,OK
2,Rice (paddy),'000 Tonnes,2023-24,6117.0,3064.1,151.5,526.63,9859.24,OK
2,Rice (paddy),'000 Tonnes,2024-25,6030.0,2990.77,166.57,536.12,9723.46,OK
3,Corn - Maize,'000 Tonnes,2000-01,748.5,4.4,887.9,2.5,1643.3,OK
3,Corn - Maize,'000 Tonnes,2001-02,741.9,3.2,916.4,2.9,1664.4,OK
3,Corn - Maize,'000 Tonnes,2002-03,882.9,3.6,847.5,3.1,1737.1,OK
3,Corn - Maize,'000 Tonnes,2003-04,1019.8,4.8,867.6,5.2,1897.4,OK
3,Corn - Maize,'000 Tonnes,2004-05,1934.6,1.6,855.5,5.3,2797.0,OK
3,Corn - Maize,'000 Tonnes,2005-06,2319.4,1.6,782.4,6.2,3109.6,OK
3,Corn - Maize,'000 Tonnes,2006-07,2161.9,1.4,918.6,6.5,3088.4,OK
3,Corn - Maize,'000 Tonnes,2007-08,2694.0,1.8,903.9,5.0,3604.7,OK
3,Corn - Maize,'000 Tonnes,2008-09,2627.2,1.7,957.9,6.2,3593.0,OK
3,Corn - Maize,'000 Tonnes,2009-10,2501.5,1.9,752.2,5.9,3261.5,OK
3,Corn - Maize,'000 Tonnes,2010-11,2959.2,1.6,740.5,5.7,3707.0,OK
3,Corn - Maize,'000 Tonnes,2011-12,3441.7,2.9,887.8,5.9,4338.3,OK
3,Corn - Maize,'000 Tonnes,2012-13,3353.1,3.6,858.3,5.1,4220.1,OK
3,Corn - Maize,'000 Tonnes,2013-14,4020.8,3.5,914.8,5.1,4944.2,OK
3,Corn - Maize,'000 Tonnes,2014-15,4019.9,3.4,909.7,3.8,4936.8,OK
3,Corn - Maize,'000 Tonnes,2015-16,4391.2,3.6,939.1,3.1,5337.0,OK
3,Corn - Maize,'000 Tonnes,2016-17,5237.2,3.6,890.1,3.4,6134.3,OK
3,Corn - Maize,'000 Tonnes,2017-18,5028.0,3.6,867.0,3.0,5901.6,OK
3,Corn - Maize,'000 Tonnes,2018-19,5915.5,3.5,904.5,2.8,6826.3,OK
3,Corn - Maize,'000 Tonnes,2019-20,6994.7,4.0,881.6,2.7,7883.0,OK
3,Corn - Maize,'000 Tonnes,2020-21,8040.1,4.2,891.0,4.6,8940.0,OK
3,Corn - Maize,'000 Tonnes,2021-22,8628.8,4.4,886.5,4.8,9524.5,OK
3,Corn - Maize,'000 Tonnes,2022-23,10054.4,3.149,923.78,3.18,10984.509,OK
3,Corn - Maize,'000 Tonnes,2023-24,8775.9,3.835,954.14,5.25,9739.12,OK
3,Corn - Maize,'000 Tonnes,2024-25,8065.08,3.906,960.34,5.48,9034.81,OK
4,Millet,'000 Tonnes,2000-01,155.6,40.5,2.5,0.4,199.0,OK
4,Millet,'000 Tonnes,2001-02,158.2,54.4,3.5,0.3,216.4,OK
4,Millet,'000 Tonnes,2002-03,180.9,5.3,2.8,0.2,189.2,OK
4,Millet,'000 Tonnes,2003-04,194.8,76.3,2.4,0.2,273.7,OK
4,Millet,'000 Tonnes,2004-05,186.8,3.2,2.8,0.5,193.3,OK
4,Millet,'000 Tonnes,2005-06,205.0,12.7,2.3,0.8,220.8,OK
4,Millet,'000 Tonnes,2006-07,216.8,18.0,2.3,0.9,238.0,OK
4,Millet,'000 Tonnes,2007-08,223.5,77.0,2.3,2.2,305.0,OK
4,Millet,'000 Tonnes,2008-09,247.1,45.0,2.2,2.1,296.4,OK
4,Millet,'000 Tonnes,2009-10,244.9,44.6,2.2,1.3,293.0,OK
4,Millet,'000 Tonnes,2010-11,270.1,71.2,3.0,1.7,346.0,OK
4,Millet,'000 Tonnes,2011-12,282.9,16.7,2.4,2.1,304.1,OK
4,Millet,'000 Tonnes,2012-13,282.9,23.3,2.4,2.0,310.6,OK
4,Millet,'000 Tonnes,2013-14,273.6,23.3,2.0,2.1,301.0,OK
4,Millet,'000 Tonnes,2014-15,267.4,23.1,2.3,1.7,294.5,OK
4,Millet,'000 Tonnes,2015-16,271.9,23.2,2.5,2.0,299.6,OK
4,Millet,'000 Tonnes,2016-17,277.3,23.3,2.3,2.0,304.9,OK
4,Millet,'000 Tonnes,2017-18,311.7,23.7,1.8,1.8,339.0,OK
4,Millet,'000 Tonnes,2018-19,343.4,3.3,1.9,1.4,350.0,OK
4,Millet,'000 Tonnes,2019-20,335.5,45.5,1.9,1.5,384.3,OK
4,Millet,'000 Tonnes,2020-21,216.2,43.2,3.6,3.1,266.1,OK
4,Millet,'000 Tonnes,2021-22,177.8,45.3,1.7,1.5,226.3,OK
4,Millet,'000 Tonnes,2022-23,208.39,45.11,1.29,1.41,256.2,OK
4,Millet,'000 Tonnes,2023-24,247.09,44.36,1.37,1.54,294.36,OK
4,Millet,'000 Tonnes,2024-25,203.53,45.5,1.28,1.57,251.88,OK
5,Sorghum,'000 Tonnes,2000-01,144.0,51.8,5.0,17.3,218.1,OK
5,Sorghum,'000 Tonnes,2001-02,142.7,57.4,5.5,16.0,221.6,OK
5,Sorghum,'000 Tonnes,2002-03,132.5,47.6,3.7,18.8,202.6,OK
5,Sorghum,'000 Tonnes,2003-04,144.3,68.7,4.4,20.7,238.1,OK
5,Sorghum,'000 Tonnes,2004-05,124.1,38.8,4.5,19.0,186.4,OK
5,Sorghum,'000 Tonnes,2005-06,76.0,43.7,3.9,29.0,152.6,OK
5,Sorghum,'000 Tonnes,2006-07,101.0,44.1,3.6,30.8,179.5,OK
5,Sorghum,'000 Tonnes,2007-08,104.3,41.2,3.4,21.2,170.1,OK
5,Sorghum,'000 Tonnes,2008-09,102.7,33.0,3.7,25.1,164.5,OK
5,Sorghum,'000 Tonnes,2009-10,103.6,24.8,4.1,21.6,154.1,OK
5,Sorghum,'000 Tonnes,2010-11,106.6,10.2,4.6,19.8,141.2,OK
5,Sorghum,'000 Tonnes,2011-12,101.9,14.9,3.6,16.7,137.1,OK
5,Sorghum,'000 Tonnes,2012-13,94.4,12.0,3.7,12.4,122.5,OK
5,Sorghum,'000 Tonnes,2013-14,86.4,12.0,6.7,17.8,122.9,OK
5,Sorghum,'000 Tonnes,2014-15,85.1,11.6,2.6,15.2,114.5,OK
5,Sorghum,'000 Tonnes,2015-16,126.1,12.3,4.8,17.3,160.5,OK
5,Sorghum,'000 Tonnes,2016-17,113.3,12.4,4.8,18.2,148.7,OK
5,Sorghum,'000 Tonnes,2017-18,122.6,11.1,3.4,15.6,152.7,OK
5,Sorghum,'000 Tonnes,2018-19,123.9,9.5,3.5,11.9,148.8,OK
5,Sorghum,'000 Tonnes,2019-20,92.8,10.1,3.5,14.2,120.6,OK
5,Sorghum,'000 Tonnes,2020-21,58.5,9.9,6.1,21.4,96.0,OK
5,Sorghum,'000 Tonnes,2021-22,30.0,9.9,4.6,19.5,63.9,OK
5,Sorghum,'000 Tonnes,2022-23,23.98,7.54,4.18,12.98,48.68,OK
5,Sorghum,'000 Tonnes,2023-24,3.75,8.77,3.92,22.21,38.64,OK
5,Sorghum,'000 Tonnes,2024-25,3.59,8.7,3.32,22.09,37.7,OK
6,Barley,'000 Tonnes,2000-01,32.8,8.9,32.9,24.3,98.9,OK
6,Barley,'000 Tonnes,2001-02,33.7,6.4,34.7,25.0,99.8,OK
6,Barley,'000 Tonnes,2002-03,38.4,5.8,30.6,24.8,99.6,OK
6,Barley,'000 Tonnes,2003-04,35.8,4.4,32.9,24.5,97.6,OK
6,Barley,'000 Tonnes,2004-05,35.2,3.4,32.7,20.4,91.7,OK
6,Barley,'000 Tonnes,2005-06,32.0,2.9,33.5,19.1,87.5,OK
6,Barley,'000 Tonnes,2006-07,34.6,4.2,32.7,21.2,92.7,OK
6,Barley,'000 Tonnes,2007-08,28.9,4.4,31.9,22.2,87.4,OK
6,Barley,'000 Tonnes,2008-09,30.4,3.6,27.5,20.0,81.5,OK
6,Barley,'000 Tonnes,2009-10,28.2,4.3,26.0,12.9,71.4,OK
6,Barley,'000 Tonnes,2010-11,24.7,6.9,23.7,15.9,71.2,OK
6,Barley,'000 Tonnes,2011-12,20.0,5.4,23.1,17.2,65.7,OK
6,Barley,'000 Tonnes,2012-13,22.5,5.1,22.8,16.8,67.2,OK
6,Barley,'000 Tonnes,2013-14,21.7,5.3,21.9,17.6,66.5,OK
6,Barley,'000 Tonnes,2014-15,20.8,5.0,21.1,15.9,62.8,OK
6,Barley,'000 Tonnes,2015-16,20.1,5.2,20.3,15.0,60.6,OK
6,Barley,'000 Tonnes,2016-17,20.1,4.7,18.5,14.7,58.0,OK
6,Barley,'000 Tonnes,2017-18,19.0,4.0,17.9,14.2,55.1,OK
6,Barley,'000 Tonnes,2018-19,17.7,17.9,17.9,14.2,67.7,OK
6,Barley,'000 Tonnes,2019-20,12.6,3.6,18.6,13.2,48.0,OK
6,Barley,'000 Tonnes,2020-21,3.8,3.6,18.6,15.8,41.9,OK
6,Barley,'000 Tonnes,2021-22,1.7,3.6,16.5,16.3,38.0,OK
6,Barley,'000 Tonnes,2022-23,2.62,3.23,14.79,22.96,43.6,OK
6,Barley,'000 Tonnes,2023-24,1.95,3.32,14.14,24.46,43.88,OK
6,Barley,'000 Tonnes,2024-25,2.95,3.3,14.1,24.62,44.97,OK
10,Sugar cane,'000 Tonnes,2000-01,26740.0,12049.7,4784.4,32.2,43606.3,OK
10,Sugar cane,'000 Tonnes,2001-02,31803.1,11416.3,4787.2,35.0,48041.6,OK
10,Sugar cane,'000 Tonnes,2002-03,33168.6,13797.6,5049.0,40.6,52055.8,OK
10,Sugar cane,'000 Tonnes,2003-04,34023.0,14611.8,4745.6,38.6,53419.0,OK
10,Sugar cane,'000 Tonnes,2004-05,33048.0,9357.4,4816.2,22.5,47244.1,OK
10,Sugar cane,'000 Tonnes,2005-06,28968.6,11243.4,4439.0,14.5,44665.5,OK
10,Sugar cane,'000 Tonnes,2006-07,37542.0,12529.2,4645.1,25.3,54741.6,OK
10,Sugar cane,'000 Tonnes,2007-08,40306.0,18793.9,4792.0,28.1,63920.0,OK
10,Sugar cane,'000 Tonnes,2008-09,32294.7,13304.3,4408.5,37.9,50045.4,OK
10,Sugar cane,'000 Tonnes,2009-10,31324.0,13505.4,4507.9,35.6,49372.9,OK
10,Sugar cane,'000 Tonnes,2010-11,37481.0,13766.4,4030.3,30.8,55308.5,OK
10,Sugar cane,'000 Tonnes,2011-12,42893.0,10788.3,4684.3,30.8,58396.4,OK
10,Sugar cane,'000 Tonnes,2012-13,42982.0,15966.2,4770.2,31.5,63749.9,OK
10,Sugar cane,'000 Tonnes,2013-14,43704.0,18362.5,5361.4,32.2,67460.1,OK
10,Sugar cane,'000 Tonnes,2014-15,41074.3,16613.8,5107.0,31.6,62826.7,OK
10,Sugar cane,'000 Tonnes,2015-16,41968.2,17984.3,5498.3,31.7,65482.5,OK
10,Sugar cane,'000 Tonnes,2016-17,49613.0,20208.9,5628.7,31.6,75482.2,OK
10,Sugar cane,'000 Tonnes,2017-18,55067.5,20611.9,7610.0,43.4,83332.8,OK
10,Sugar cane,'000 Tonnes,2018-19,44906.3,16691.3,5532.0,44.3,67173.9,OK
10,Sugar cane,'000 Tonnes,2019-20,43346.6,17233.8,5754.0,45.2,66379.6,OK
10,Sugar cane,'000 Tonnes,2020-21,57000.6,18335.5,5627.5,46.2,81009.9,OK
10,Sugar cane,'000 Tonnes,2021-22,64244.7,19460.7,4910.0,34.9,88650.3,OK
10,Sugar cane,'000 Tonnes,2022-23,66932.4,16171.73,4844.24,33.17,87981.54,OK
10,Sugar cane,'000 Tonnes,2023-24,63308.7,19135.36,5158.67,34.64,87637.37,OK
10,Sugar cane,'000 Tonnes,2024-25,60112.18,19212.99,4877.07,36.39,84238.63,OK
11,Sugarbeet,'000 Tonnes,2000-01,0.0,1.0,224.4,0.0,225.4,OK
11,Sugarbeet,'000 Tonnes,2001-02,0.0,0.5,316.0,0.0,316.5,OK
11,Sugarbeet,'000 Tonnes,2002-03,0.0,0.5,214.9,0.0,215.4,OK
11,Sugarbeet,'000 Tonnes,2003-04,0.0,0.0,250.2,0.0,250.2,OK
11,Sugarbeet,'000 Tonnes,2004-05,0.0,0.1,120.9,0.0,121.0,OK
11,Sugarbeet,'000 Tonnes,2005-06,0.0,0.1,93.3,0.0,93.4,OK
11,Sugarbeet,'000 Tonnes,2006-07,0.0,0.0,83.6,0.0,83.6,OK
11,Sugarbeet,'000 Tonnes,2007-08,0.0,0.0,64.1,0.0,64.1,OK
11,Sugarbeet,'000 Tonnes,2008-09,0.0,0.0,0.0,0.0,0.0,OK
11,Sugarbeet,'000 Tonnes,2009-10,0.0,0.0,0.0,0.0,0.0,OK
11,Sugarbeet,'000 Tonnes,2010-11,20.5,0.0,0.4,0.0,20.9,OK
11,Sugarbeet,'000 Tonnes,2011-12,60.9,0.0,1.3,0.0,62.2,OK
11,Sugarbeet,'000 Tonnes,2012-13,128.7,0.0,1.3,0.0,130.0,OK
11,Sugarbeet,'000 Tonnes,2013-14,106.5,4.2,1.3,0.0,112.0,OK
11,Sugarbeet,'000 Tonnes,2014-15,101.6,4.3,19.0,0.0,124.9,OK
11,Sugarbeet,'000 Tonnes,2015-16,106.2,4.3,21.4,0.0,131.9,OK
11,Sugarbeet,'000 Tonnes,2016-17,132.9,4.3,26.6,0.0,163.8,OK
11,Sugarbeet,'000 Tonnes,2017-18,262.4,4.3,29.5,0.0,296.2,OK
11,Sugarbeet,'000 Tonnes,2018-19,325.0,1.7,38.6,0.0,365.2,OK
11,Sugarbeet,'000 Tonnes,2019-20,325.6,1.7,17.4,0.0,344.7,OK
11,Sugarbeet,'000 Tonnes,2020-21,326.6,1.7,24.4,0.0,352.7,OK
11,Sugarbeet,'000 Tonnes,2021-22,378.0,1.7,28.8,0.0,408.5,OK
11,Sugarbeet,'000 Tonnes,2022-23,398.909,1.287,32.454,0.0,432.65,OK
11,Sugarbeet,'000 Tonnes,2023-24,469.544,1.776,33.214,0.0,504.534,OK
11,Sugarbeet,'000 Tonnes,2024-25,752.285,1.821,35.872,0.0,789.978,OK
12,Sugar raw,'000 Tonnes,2000-01,1437.0,968.0,61.0,0.0,2466.0,OK
12,Sugar raw,'000 Tonnes,2001-02,2152.0,941.0,105.0,0.0,3198.0,OK
12,Sugar raw,'000 Tonnes,2002-03,2351.0,1159.0,145.0,0.0,3655.0,OK
12,Sugar raw,'000 Tonnes,2003-04,2599.0,1221.0,176.0,0.0,3996.0,OK
12,Sugar raw,'000 Tonnes,2004-05,2047.0,754.0,121.0,0.0,2922.0,OK
12,Sugar raw,'000 Tonnes,2005-06,1566.0,902.0,119.0,0.0,2587.0,OK
12,Sugar raw,'000 Tonnes,2006-07,2268.0,1062.0,186.0,0.0,3516.0,OK
12,Sugar raw,'000 Tonnes,2007-08,2953.0,1560.0,226.0,0.0,4739.0,OK
12,Sugar raw,'000 Tonnes,2008-09,2019.0,976.0,194.0,0.0,3189.0,OK
12,Sugar raw,'000 Tonnes,2009-10,1860.0,1100.0,180.0,0.0,3140.0,OK
12,Sugar raw,'000 Tonnes,2010-11,2585.0,1299.0,262.0,0.0,4146.0,OK
12,Sugar raw,'000 Tonnes,2011-12,3116.3,1267.1,287.0,0.0,4670.4,OK
12,Sugar raw,'000 Tonnes,2012-13,3172.4,1547.5,310.2,0.0,5030.1,OK
12,Sugar raw,'000 Tonnes,2013-14,3352.8,1920.8,314.0,0.0,5587.6,OK
12,Sugar raw,'000 Tonnes,2014-15,2967.3,1822.9,349.4,0.0,5139.6,OK
12,Sugar raw,'000 Tonnes,2015-16,2837.8,1898.2,346.2,0.0,5082.1,OK
12,Sugar raw,'000 Tonnes,2016-17,4314.2,2233.9,457.3,0.0,7005.4,OK
12,Sugar raw,'000 Tonnes,2017-18,3869.0,2281.5,429.7,0.0,6580.1,OK
12,Sugar raw,'000 Tonnes,2018-19,3103.6,1719.3,387.9,0.0,5210.8,OK
12,Sugar raw,'000 Tonnes,2019-20,3057.6,1459.2,302.9,0.0,4819.8,OK
12,Sugar raw,'000 Tonnes,2020-21,3747.8,1556.3,327.1,0.0,5631.2,OK
12,Sugar raw,'000 Tonnes,2021-22,5151.3,2291.5,424.7,0.0,7867.5,OK
12,Sugar raw,'000 Tonnes,2022-23,4451.0,1744.8,461.6,0.0,6657.4,OK
12,Sugar raw,'000 Tonnes,2023-24,5151.3,2291.5,424.7,0.0,7867.5,OK
12,Sugar raw,'000 Tonnes,2024-25,no data,no data,no data,no data,no data,skip
13,Cotton lint,'000 Tonnes,2000-01,1451.8000000000002,363.987,0.068,8.568,1824.423,OK
13,Cotton lint,'000 Tonnes,2001-02,1367.8200000000002,415.344,0.697,20.281000000000002,1804.1420000000003,OK
13,Cotton lint,'000 Tonnes,2002-03,1302.88,410.0060000000001,0.782,22.134,1735.8020000000001,OK
13,Cotton lint,'000 Tonnes,2003-04,1309.3400000000001,381.27600000000007,0.8500000000000001,16.643,1708.1090000000002,OK
13,Cotton lint,'000 Tonnes,2004-05,1895.3300000000002,512.839,0.8840000000000001,16.031000000000002,2425.0840000000003,OK
13,Cotton lint,'000 Tonnes,2005-06,1745.5600000000002,450.16,0.8840000000000001,16.609,2213.213,OK
13,Cotton lint,'000 Tonnes,2006-07,1759.5000000000002,407.694,0.10200000000000001,18.258000000000003,2185.554,OK
13,Cotton lint,'000 Tonnes,2007-08,1540.5400000000002,431.154,0.085,9.588000000000001,1981.3670000000002,OK
13,Cotton lint,'000 Tonnes,2008-09,1487.67,506.3110000000001,0.085,15.164000000000001,2009.2300000000002,OK
13,Cotton lint,'000 Tonnes,2009-10,1453.8400000000001,726.019,0.017,15.419000000000002,2195.2780000000002,OK
13,Cotton lint,'000 Tonnes,2010-11,1335.18,601.2560000000001,0.068,11.713000000000001,1948.217,OK
13,Cotton lint,'000 Tonnes,2011-12,1891.93,400.65600000000006,0.119,18.445,2311.15,OK
13,Cotton lint,'000 Tonnes,2012-13,1619.42,578.0680000000001,0.119,17.612000000000002,2215.2190000000005,OK
13,Cotton lint,'000 Tonnes,2013-14,1554.65,598.9780000000001,0.136,16.949,2170.713,OK
13,Cotton lint,'000 Tonnes,2014-15,1747.0900000000001,607.325,0.51,18.207,2373.132,OK
13,Cotton lint,'000 Tonnes,2015-16,1078.3100000000002,590.852,0.20400000000000001,16.592,1685.958,OK
13,Cotton lint,'000 Tonnes,2016-17,1186.26,611.4730000000001,0.10200000000000001,16.167,1814.0020000000002,OK
13,Cotton lint,'000 Tonnes,2017-18,1373.0900000000001,641.8860000000001,0.085,15.691,2030.7520000000002,OK
13,Cotton lint,'000 Tonnes,2018-19,1160.42,499.5280000000001,0.085,16.303,1676.336,OK
13,Cotton lint,'000 Tonnes,2019-20,1072.037,466.752,0.10200000000000001,16.286,1555.1770000000001,OK
13,Cotton lint,'000 Tonnes,2020-21,857.48,316.50600000000003,0.051000000000000004,26.826000000000004,1200.863,OK
13,Cotton lint,'000 Tonnes,2021-22,878.5600000000001,509.72800000000007,0.085,27.523000000000003,1415.896,OK
13,Cotton lint,'000 Tonnes,2022-23,545.7510000000001,269.6693,0.0918,19.1641,834.6762,OK
13,Cotton lint,'000 Tonnes,2023-24,1024.7804,659.5439,0.0204,53.50410000000001,1737.8488,OK
13,Cotton lint,'000 Tonnes,2024-25,652.4838,479.92530000000005,0.061200000000000004,71.86410000000001,1204.3344,OK
14,Jute,'000 Tonnes,2000-01,0.022,0.0,0.0,0.0,0.022,OK
14,Jute,'000 Tonnes,2001-02,0.021,0.0,0.0,0.0,0.021,OK
14,Jute,'000 Tonnes,2002-03,0.0,0.0,0.0,0.0,0.0,OK
14,Jute,'000 Tonnes,2003-04,0.0,0.0,0.0,0.0,0.0,OK
14,Jute,'000 Tonnes,2004-05,0.0,0.0,0.0,0.0,0.0,OK
14,Jute,'000 Tonnes,2005-06,0.0,0.0,0.0,0.0,0.0,OK
14,Jute,'000 Tonnes,2006-07,0.0,0.0,0.0,0.0,0.0,OK
14,Jute,'000 Tonnes,2007-08,0.0,0.0,0.0,0.0,0.0,OK
14,Jute,'000 Tonnes,2008-09,0.0,0.0,0.0,0.0,0.0,OK
14,Jute,'000 Tonnes,2009-10,0.0,0.0,0.0,0.0,0.0,OK
14,Jute,'000 Tonnes,2010-11,0.0,0.0,0.0,0.0,0.0,OK
14,Jute,'000 Tonnes,2011-12,0.0,0.0,0.003,0.0,0.003,OK
14,Jute,'000 Tonnes,2012-13,0.0,0.0,0.002,0.0,0.002,OK
14,Jute,'000 Tonnes,2013-14,0.0,0.0,0.0,0.0,0.0,OK
14,Jute,'000 Tonnes,2014-15,0.0,0.0,0.0,0.0,0.0,OK
14,Jute,'000 Tonnes,2015-16,0.0,0.0,0.0,0.0,0.0,OK
14,Jute,'000 Tonnes,2016-17,0.0,0.0,0.0,0.0,0.0,OK
14,Jute,'000 Tonnes,2017-18,0.0,0.0,0.0,0.0,0.0,OK
14,Jute,'000 Tonnes,2018-19,0.0,0.0,0.0,0.0,0.0,OK
14,Jute,'000 Tonnes,2019-20,0.0,0.0,0.0,0.0,0.0,OK
14,Jute,'000 Tonnes,2020-21,0.0,0.0,0.0,0.0,0.0,OK
14,Jute,'000 Tonnes,2021-22,0.0,0.0,0.0,0.0,0.0,OK
14,Jute,'000 Tonnes,2022-23,no data,no data,no data,no data,no data,skip
14,Jute,'000 Tonnes,2023-24,no data,no data,no data,no data,no data,skip
14,Jute,'000 Tonnes,2024-25,no data,no data,no data,no data,no data,skip
19,Rapeseed,'000 Tonnes,2000-01,no data,no data,no data,no data,no data,skip
19,Rapeseed,'000 Tonnes,2001-02,no data,no data,no data,no data,no data,skip
19,Rapeseed,'000 Tonnes,2002-03,no data,no data,no data,no data,no data,skip
19,Rapeseed,'000 Tonnes,2003-04,no data,no data,no data,no data,no data,skip
19,Rapeseed,'000 Tonnes,2004-05,142.5,47.6,10.2,15.5,215.8,OK
19,Rapeseed,'000 Tonnes,2005-06,108.6,44.7,8.6,18.9,180.8,OK
19,Rapeseed,'000 Tonnes,2006-07,120.2,70.1,9.4,21.3,221.0,OK
19,Rapeseed,'000 Tonnes,2007-08,103.3,53.0,8.1,20.7,185.1,OK
19,Rapeseed,'000 Tonnes,2008-09,120.5,51.1,7.4,19.9,198.9,OK
19,Rapeseed,'000 Tonnes,2009-10,96.3,46.5,7.3,12.1,162.2,OK
19,Rapeseed,'000 Tonnes,2010-11,124.5,50.2,7.9,12.4,191.9,-3.1
19,Rapeseed,'000 Tonnes,2011-12,109.8,49.3,7.3,12.5,178.9,OK
19,Rapeseed,'000 Tonnes,2012-13,148.2,52.6,8.5,11.0,220.3,OK
19,Rapeseed,'000 Tonnes,2013-14,157.1,55.0,6.9,11.7,230.7,OK
19,Rapeseed,'000 Tonnes,2014-15,139.4,52.0,6.7,11.2,215.8,6.5
19,Rapeseed,'000 Tonnes,2015-16,126.8,52.7,5.7,8.8,194.0,OK
19,Rapeseed,'000 Tonnes,2016-17,110.7,53.4,5.7,10.6,180.4,OK
19,Rapeseed,'000 Tonnes,2017-18,144.0,51.2,5.6,8.5,209.3,OK
19,Rapeseed,'000 Tonnes,2018-19,275.0,49.0,5.2,13.0,348.4,6.2
19,Rapeseed,'000 Tonnes,2019-20,495.0,48.0,6.4,11.7,561.1,OK
19,Rapeseed,'000 Tonnes,2020-21,267.3,49.3,7.0,13.8,337.4,OK
19,Rapeseed,'000 Tonnes,2021-22,403.0,54.7,5.4,13.8,476.8,OK
19,Rapeseed,'000 Tonnes,2022-23,665.71,68.05,7.5,72.32,813.58,OK
19,Rapeseed,'000 Tonnes,2023-24,314.47,62.38,7.272,62.98,447.1,OK
19,Rapeseed,'000 Tonnes,2024-25,488.62,64.09,5.722,60.21,618.65,OK
20,Sesame,'000 Tonnes,2000-01,49.5,0.4,0.3,0.5,50.7,OK
20,Sesame,'000 Tonnes,2001-02,68.1,0.7,0.2,0.6,69.6,OK
20,Sesame,'000 Tonnes,2002-03,17.4,0.9,0.2,0.7,19.2,OK
20,Sesame,'000 Tonnes,2003-04,22.1,1.6,0.2,0.8,24.7,OK
20,Sesame,'000 Tonnes,2004-05,28.3,0.6,0.1,0.8,29.8,OK
20,Sesame,'000 Tonnes,2005-06,31.6,1.4,0.1,2.0,35.1,OK
20,Sesame,'000 Tonnes,2006-07,26.9,1.3,0.1,2.1,30.4,OK
20,Sesame,'000 Tonnes,2007-08,27.5,3.2,0.2,1.9,32.8,OK
20,Sesame,'000 Tonnes,2008-09,33.0,3.5,0.1,4.4,41.0,OK
20,Sesame,'000 Tonnes,2009-10,25.2,3.8,0.1,4.3,33.4,OK
20,Sesame,'000 Tonnes,2010-11,23.8,2.9,0.1,4.3,31.1,OK
20,Sesame,'000 Tonnes,2011-12,23.5,2.3,0.1,4.4,30.3,OK
20,Sesame,'000 Tonnes,2012-13,21.8,3.2,0.1,4.0,29.1,OK
20,Sesame,'000 Tonnes,2013-14,24.5,3.4,0.1,4.6,32.6,OK
20,Sesame,'000 Tonnes,2014-15,25.8,3.8,0.1,4.6,34.3,OK
20,Sesame,'000 Tonnes,2015-16,24.8,3.2,0.1,3.7,31.8,OK
20,Sesame,'000 Tonnes,2016-17,25.5,4.8,0.1,3.7,34.1,OK
20,Sesame,'000 Tonnes,2017-18,27.0,4.5,0.2,3.7,35.4,OK
20,Sesame,'000 Tonnes,2018-19,29.1,3.1,0.1,3.5,35.8,OK
20,Sesame,'000 Tonnes,2019-20,55.6,5.2,0.1,3.7,64.5,OK
20,Sesame,'000 Tonnes,2020-21,90.7,5.9,0.1,5.5,102.2,OK
20,Sesame,'000 Tonnes,2021-22,115.8,6.3,0.2,5.7,128.1,OK
20,Sesame,'000 Tonnes,2022-23,148.22,2.571,0.303,1.247,152.341,OK
20,Sesame,'000 Tonnes,2023-24,287.374,5.813,0.323,7.727,301.237,OK
20,Sesame,'000 Tonnes,2024-25,420.88,6.232,0.247,8.569,435.928,OK
21,Sunflower,'000 Tonnes,2000-01,24.92,39.737,3.394,0.595,68.646,OK
21,Sunflower,'000 Tonnes,2001-02,28.877,40.827,1.335,2.923,73.962,OK
21,Sunflower,'000 Tonnes,2002-03,54.885,66.272,0.666,6.708,128.531,OK
21,Sunflower,'000 Tonnes,2003-04,122.49,235.683,0.171,0.188,358.532,OK
21,Sunflower,'000 Tonnes,2004-05,86.356,240.516,0.241,0.537,327.65,OK
21,Sunflower,'000 Tonnes,2005-06,122.84,224.198,0.654,0.583,348.275,OK
21,Sunflower,'000 Tonnes,2006-07,156.258,249.775,0.579,0.612,407.224,OK
21,Sunflower,'000 Tonnes,2007-08,324.973,277.326,0.794,0.801,603.894,OK
21,Sunflower,'000 Tonnes,2008-09,130.51,288.393,0.812,0.772,420.487,OK
21,Sunflower,'000 Tonnes,2009-10,65.05,259.2,0.899,0.329,325.478,OK
21,Sunflower,'000 Tonnes,2010-11,61.253,341.641,0.803,0.694,404.391,OK
21,Sunflower,'000 Tonnes,2011-12,94.052,187.379,0.775,0.717,282.923,OK
21,Sunflower,'000 Tonnes,2012-13,92.24,150.14,0.377,0.624,243.381,OK
21,Sunflower,'000 Tonnes,2013-14,54.585,137.602,0.379,0.535,193.101,OK
21,Sunflower,'000 Tonnes,2014-15,37.016,130.74,0.387,0.482,168.625,OK
21,Sunflower,'000 Tonnes,2015-16,31.0,54.1,0.3,0.5,85.9,OK
21,Sunflower,'000 Tonnes,2016-17,36.3,69.3,0.3,0.4,106.3,OK
21,Sunflower,'000 Tonnes,2017-18,82.2,64.7,0.4,0.3,147.6,OK
21,Sunflower,'000 Tonnes,2018-19,56.8,75.3,0.3,0.4,132.8,OK
21,Sunflower,'000 Tonnes,2019-20,80.479,65.315,0.636,0.692,147.122,OK
21,Sunflower,'000 Tonnes,2020-21,48.401,41.023,0.732,1.389,91.545,OK
21,Sunflower,'000 Tonnes,2021-22,48.2,32.799,0.72,1.799,83.518,OK
21,Sunflower,'000 Tonnes,2022-23,84.3,36.244,0.517,11.742,132.803,OK
21,Sunflower,'000 Tonnes,2023-24,48.947,36.72,0.175,12.131,97.973,OK
21,Sunflower,'000 Tonnes,2024-25,34.264,34.191,0.115,12.013,80.583,OK
28,Other oils,'000 Tonnes,2000-01,1.61,2.183,0.0,0.05,3.843,OK
28,Other oils,'000 Tonnes,2001-02,1.561,3.063,0.0,0.05,4.674,OK
28,Other oils,'000 Tonnes,2002-03,1.494,2.483,0.0,0.08,4.057,OK
28,Other oils,'000 Tonnes,2003-04,1.476,3.918,0.0,0.197,5.591,OK
28,Other oils,'000 Tonnes,2004-05,1.216,3.027,0.0,0.4,4.643,OK
28,Other oils,'000 Tonnes,2005-06,1.154,3.448,0.0,0.268,4.87,OK
28,Other oils,'000 Tonnes,2006-07,1.083,5.122,0.0,0.292,6.497,OK
28,Other oils,'000 Tonnes,2007-08,1.051,3.833,0.0,0.5,5.384,OK
28,Other oils,'000 Tonnes,2008-09,1.078,4.254,0.0,2.412,7.744,OK
28,Other oils,'000 Tonnes,2009-10,0.855,2.377,0.0,0.33,3.562,OK
28,Other oils,'000 Tonnes,2010-11,0.82,2.316,0.0,3.057,6.193,OK
28,Other oils,'000 Tonnes,2011-12,0.646,2.317,0.035,3.818,6.055,-0.761
28,Other oils,'000 Tonnes,2012-13,0.601,2.321,0.0,4.1,7.022,OK
28,Other oils,'000 Tonnes,2013-14,0.65,2.013,0.0,4.376,7.039,OK
28,Other oils,'000 Tonnes,2014-15,0.515,1.872,0.0,2.317,4.704,OK
28,Other oils,'000 Tonnes,2015-16,0.515,1.955,0.0,1.602,4.072,OK
28,Other oils,'000 Tonnes,2016-17,0.607,1.827,0.0,1.6,4.034,OK
28,Other oils,'000 Tonnes,2017-18,0.593,1.915,0.0,1.4,3.908,OK
28,Other oils,'000 Tonnes,2018-19,0.363,1.536,0.0,1.1,2.999,OK
28,Other oils,'000 Tonnes,2019-20,0.21,2.661,0.0,1.353,4.224,OK
28,Other oils,'000 Tonnes,2020-21,0.298,2.574,0.268,2.593,5.733,OK
28,Other oils,'000 Tonnes,2021-22,0.211,2.821,0.0,3.067,6.099,OK
28,Other oils,'000 Tonnes,2022-23,0.689,2.599,0.0,1.936,5.224,OK
28,Other oils,'000 Tonnes,2023-24,no data,no data,no data,no data,no data,skip
28,Other oils,'000 Tonnes,2024-25,no data,no data,no data,no data,no data,skip
33,Gram - Chickpea,'000 Tonnes,2000-01,334.8,42.3,10.9,9.0,397.0,OK
33,Gram - Chickpea,'000 Tonnes,2001-02,304.2,30.7,14.6,12.6,362.1,OK
33,Gram - Chickpea,'000 Tonnes,2002-03,611.5,32.5,17.4,13.8,675.2,OK
33,Gram - Chickpea,'000 Tonnes,2003-04,524.0,55.8,19.7,11.6,611.1,OK
33,Gram - Chickpea,'000 Tonnes,2004-05,760.6,45.0,34.3,28.3,868.2,OK
33,Gram - Chickpea,'000 Tonnes,2005-06,382.5,45.8,21.1,30.1,479.5,OK
33,Gram - Chickpea,'000 Tonnes,2006-07,728.3,58.1,21.0,30.4,837.8,OK
33,Gram - Chickpea,'000 Tonnes,2007-08,387.5,45.6,15.5,26.0,474.6,OK
33,Gram - Chickpea,'000 Tonnes,2008-09,658.2,31.6,20.0,30.7,740.5,OK
33,Gram - Chickpea,'000 Tonnes,2009-10,488.0,29.5,13.2,30.8,561.5,OK
33,Gram - Chickpea,'000 Tonnes,2010-11,429.1,20.5,20.0,26.4,496.0,OK
33,Gram - Chickpea,'000 Tonnes,2011-12,224.7,18.9,11.0,29.8,284.4,OK
33,Gram - Chickpea,'000 Tonnes,2012-13,691.0,16.1,20.1,24.1,751.3,OK
33,Gram - Chickpea,'000 Tonnes,2013-14,330.7,15.6,22.9,29.8,399.0,OK
33,Gram - Chickpea,'000 Tonnes,2014-15,322.4,14.4,12.3,30.1,379.2,OK
33,Gram - Chickpea,'000 Tonnes,2015-16,227.2,14.4,14.1,30.5,286.2,OK
33,Gram - Chickpea,'000 Tonnes,2016-17,262.5,18.5,16.9,31.8,329.7,OK
33,Gram - Chickpea,'000 Tonnes,2017-18,260.5,18.7,12.4,32.7,324.3,OK
33,Gram - Chickpea,'000 Tonnes,2018-19,377.2,18.1,13.4,32.6,441.3,OK
33,Gram - Chickpea,'000 Tonnes,2019-20,430.0,18.9,15.1,33.7,497.7,OK
33,Gram - Chickpea,'000 Tonnes,2020-21,164.0,23.9,11.6,34.4,233.9,OK
33,Gram - Chickpea,'000 Tonnes,2021-22,250.0,23.2,8.57,34.4,316.2,OK
33,Gram - Chickpea,'000 Tonnes,2022-23,172.0,20.37,12.92,38.33,243.62,OK
33,Gram - Chickpea,'000 Tonnes,2023-24,137.5,20.32,11.82,38.95,208.59,OK
33,Gram - Chickpea,'000 Tonnes,2024-25,98.5,20.66,11.3,41.99,172.44,OK
34,Mung bean,'000 Tonnes,2000-01,92.7,3.7,6.1,2.0,104.5,OK
34,Mung bean,'000 Tonnes,2001-02,102.0,5.5,5.9,2.0,115.4,OK
34,Mung bean,'000 Tonnes,2002-03,125.7,2.3,8.1,2.3,138.4,OK
34,Mung bean,'000 Tonnes,2003-04,126.8,4.4,7.5,2.0,140.7,OK
34,Mung bean,'000 Tonnes,2004-05,118.3,2.3,6.8,2.6,130.0,OK
34,Mung bean,'000 Tonnes,2005-06,101.8,3.2,6.4,2.5,113.9,OK
34,Mung bean,'000 Tonnes,2006-07,124.6,4.2,6.3,3.4,138.5,OK
34,Mung bean,'000 Tonnes,2007-08,153.4,9.1,6.4,8.8,177.7,OK
34,Mung bean,'000 Tonnes,2008-09,140.3,5.8,4.4,6.9,157.4,OK
34,Mung bean,'000 Tonnes,2009-10,100.9,5.4,5.1,7.3,118.7,OK
34,Mung bean,'000 Tonnes,2010-11,60.0,4.4,5.1,6.7,76.2,OK
34,Mung bean,'000 Tonnes,2011-12,80.7,1.0,4.3,7.0,93.0,OK
34,Mung bean,'000 Tonnes,2012-13,78.5,0.9,4.4,6.2,90.0,OK
34,Mung bean,'000 Tonnes,2013-14,81.6,0.8,5.4,5.1,92.9,OK
34,Mung bean,'000 Tonnes,2014-15,89.6,1.0,5.8,2.5,98.9,OK
34,Mung bean,'000 Tonnes,2015-16,93.9,0.9,4.8,2.5,102.1,OK
34,Mung bean,'000 Tonnes,2016-17,120.9,1.3,4.9,3.1,130.2,OK
34,Mung bean,'000 Tonnes,2017-18,113.2,1.2,4.5,3.2,122.1,OK
34,Mung bean,'000 Tonnes,2018-19,110.1,1.2,4.5,2.5,118.3,OK
34,Mung bean,'000 Tonnes,2019-20,112.7,5.6,4.6,3.0,125.9,OK
34,Mung bean,'000 Tonnes,2020-21,192.5,3.0,4.2,4.8,204.5,OK
34,Mung bean,'000 Tonnes,2021-22,249.8,5.5,4.3,4.2,263.7,OK
34,Mung bean,'000 Tonnes,2022-23,123.82,5.44,3.887,1.839,134.986,OK
34,Mung bean,'000 Tonnes,2023-24,138.972,7.102,3.778,3.48,153.332,OK
34,Mung bean,'000 Tonnes,2024-25,115.633,8.079,3.858,3.628,131.198,OK
35,Lentil - Beans,'000 Tonnes,2000-01,39.9,6.4,4.0,2.3,52.6,OK
35,Lentil - Beans,'000 Tonnes,2001-02,42.1,5.3,4.4,2.0,53.8,OK
35,Lentil - Beans,'000 Tonnes,2002-03,47.4,4.6,4.3,1.9,58.2,OK
35,Lentil - Beans,'000 Tonnes,2003-04,43.3,5.5,4.4,2.5,55.7,OK
35,Lentil - Beans,'000 Tonnes,2004-05,32.7,4.1,4.2,3.3,44.3,OK
35,Lentil - Beans,'000 Tonnes,2005-06,23.7,3.8,3.9,3.0,34.4,OK
35,Lentil - Beans,'000 Tonnes,2006-07,24.1,5.8,3.9,3.2,37.0,OK
35,Lentil - Beans,'000 Tonnes,2007-08,19.0,3.4,4.0,5.5,31.9,OK
35,Lentil - Beans,'000 Tonnes,2008-09,15.2,3.9,3.5,5.4,28.0,OK
35,Lentil - Beans,'000 Tonnes,2009-10,10.7,3.1,2.9,4.9,21.6,OK
35,Lentil - Beans,'000 Tonnes,2010-11,14.2,2.3,3.1,5.0,24.6,OK
35,Lentil - Beans,'000 Tonnes,2011-12,11.5,2.2,3.1,5.2,22.0,OK
35,Lentil - Beans,'000 Tonnes,2012-13,11.5,1.1,3.4,4.7,20.7,OK
35,Lentil - Beans,'000 Tonnes,2013-14,10.3,1.0,2.8,4.4,18.5,OK
35,Lentil - Beans,'000 Tonnes,2014-15,8.7,1.0,2.5,3.8,16.0,OK
35,Lentil - Beans,'000 Tonnes,2015-16,9.0,1.0,2.7,3.7,16.4,OK
35,Lentil - Beans,'000 Tonnes,2016-17,7.6,1.0,2.3,3.9,14.8,OK
35,Lentil - Beans,'000 Tonnes,2017-18,6.3,1.0,2.2,4.0,13.5,OK
35,Lentil - Beans,'000 Tonnes,2018-19,5.9,0.7,2.3,4.0,12.9,OK
35,Lentil - Beans,'000 Tonnes,2019-20,4.4,0.61,2.7,3.7,11.4,OK
35,Lentil - Beans,'000 Tonnes,2020-21,1.8,0.52,2.9,5.6,11.0,OK
35,Lentil - Beans,'000 Tonnes,2021-22,1.0,0.42,2.8,5.9,10.0,OK
35,Lentil - Beans,'000 Tonnes,2022-23,1.083,0.34,3.501,3.983,8.907,OK
35,Lentil - Beans,'000 Tonnes,2023-24,1.255,0.386,3.42,5.249,10.31,OK
35,Lentil - Beans,'000 Tonnes,2024-25,1.326,0.363,3.046,5.428,10.164,OK
36,Peas,'000 Tonnes,2000-01,no data,no data,no data,no data,no data,skip
36,Peas,'000 Tonnes,2001-02,no data,no data,no data,no data,no data,skip
36,Peas,'000 Tonnes,2002-03,no data,no data,no data,no data,no data,skip
36,Peas,'000 Tonnes,2003-04,no data,no data,no data,no data,no data,skip
36,Peas,'000 Tonnes,2004-05,51.901,6.402,10.114,8.749,77.166,OK
36,Peas,'000 Tonnes,2005-06,54.181,6.544,12.776,8.445,81.946,OK
36,Peas,'000 Tonnes,2006-07,58.962,7.153,14.832,10.367,91.314,OK
36,Peas,'000 Tonnes,2007-08,49.316,6.124,12.569,14.531,82.54,OK
36,Peas,'000 Tonnes,2008-09,50.996,5.667,12.239,14.701,83.603,OK
36,Peas,'000 Tonnes,2009-10,53.336,5.214,12.94,8.421,79.911,OK
36,Peas,'000 Tonnes,2010-11,69.277,4.644,12.878,11.372,98.171,OK
36,Peas,'000 Tonnes,2011-12,74.814,4.928,13.372,11.881,104.995,OK
36,Peas,'000 Tonnes,2012-13,81.144,6.168,13.472,12.283,113.067,OK
36,Peas,'000 Tonnes,2013-14,82.988,6.15,13.418,12.369,114.925,OK
36,Peas,'000 Tonnes,2014-15,107.005,6.189,13.365,12.674,139.233,OK
36,Peas,'000 Tonnes,2015-16,112.267,7.368,12.501,12.286,144.422,OK
36,Peas,'000 Tonnes,2016-17,131.653,7.364,13.445,12.76,165.222,OK
36,Peas,'000 Tonnes,2017-18,1431.145,7.677,14.22,12.369,1465.411,OK
36,Peas,'000 Tonnes,2018-19,134.657,7.528,15.789,12.862,170.836,OK
36,Peas,'000 Tonnes,2019-20,184.6,7.678,14.185,11.502,217.965,OK
36,Peas,'000 Tonnes,2020-21,506.788,7.846,13.855,17.171,545.66,OK
36,Peas,'000 Tonnes,2021-22,342.455,6.697,20.925,17.018,387.095,OK
36,Peas,'000 Tonnes,2022-23,354.567,6.196,21.606,18.739,401.108,OK
36,Peas,'000 Tonnes,2023-24,343.893,6.65,26.62,20.099,397.262,OK
36,Peas,'000 Tonnes,2024-25,no data,no data,no data,no data,no data,skip
37,Other pulses,'000 Tonnes,2000-01,125.8,47.5,8.7,3.7,185.7,OK
37,Other pulses,'000 Tonnes,2001-02,135.9,52.9,7.2,3.5,199.5,OK
37,Other pulses,'000 Tonnes,2002-03,105.2,43.0,6.0,3.9,158.1,OK
37,Other pulses,'000 Tonnes,2003-04,119.2,69.9,5.2,5.6,199.9,OK
37,Other pulses,'000 Tonnes,2004-05,105.4,39.4,4.7,5.9,155.4,OK
37,Other pulses,'000 Tonnes,2005-06,96.4,42.8,3.2,9.0,151.4,OK
37,Other pulses,'000 Tonnes,2006-07,95.8,81.9,2.8,11.6,192.1,OK
37,Other pulses,'000 Tonnes,2007-08,89.7,82.4,2.8,9.5,184.4,OK
37,Other pulses,'000 Tonnes,2008-09,76.0,71.2,3.0,12.5,162.7,OK
37,Other pulses,'000 Tonnes,2009-10,65.0,87.1,2.1,10.6,164.8,OK
37,Other pulses,'000 Tonnes,2010-11,68.0,124.5,2.2,8.3,203.0,OK
37,Other pulses,'000 Tonnes,2011-12,58.3,91.2,3.0,12.5,165.0,OK
37,Other pulses,'000 Tonnes,2012-13,77.3,92.8,2.9,7.4,180.4,OK
37,Other pulses,'000 Tonnes,2013-14,76.0,90.9,1.5,10.5,178.9,OK
37,Other pulses,'000 Tonnes,2014-15,67.0,90.0,1.8,9.1,111.5,-56.4
37,Other pulses,'000 Tonnes,2015-16,54.1,88.3,2.2,9.8,154.4,OK
37,Other pulses,'000 Tonnes,2016-17,46.3,87.6,2.3,10.3,148.0,1.5
37,Other pulses,'000 Tonnes,2017-18,44.5,84.9,2.7,10.1,142.2,OK
37,Other pulses,'000 Tonnes,2018-19,50.0,16.9,1.8,10.1,78.8,OK
37,Other pulses,'000 Tonnes,2019-20,42.7,83.8,1.6,11.9,140.0,OK
37,Other pulses,'000 Tonnes,2020-21,26.1,87.7,3.6,14.0,131.4,OK
37,Other pulses,'000 Tonnes,2021-22,19.8,82.4,3.3,13.9,119.3,OK
37,Other pulses,'000 Tonnes,2022-23,23.55,80.502,5.426,14.682,124.16,OK
37,Other pulses,'000 Tonnes,2023-24,52.458,66.602,4.119,12.913,136.092,OK
37,Other pulses,'000 Tonnes,2024-25,31.799,67.606,2.943,13.452,115.8,OK
38,Potato,'000 Tonnes,2000-01,1479.7,7.5,118.9,59.6,1665.7,OK
38,Potato,'000 Tonnes,2001-02,1548.8,3.0,115.6,54.3,1721.7,OK
38,Potato,'000 Tonnes,2002-03,1761.9,2.5,133.7,48.2,1946.3,OK
38,Potato,'000 Tonnes,2003-04,1775.2,2.9,119.0,41.0,1938.1,OK
38,Potato,'000 Tonnes,2004-05,1849.8,2.5,125.1,47.5,2024.9,OK
38,Potato,'000 Tonnes,2005-06,1389.6,2.6,134.2,41.5,1567.9,OK
38,Potato,'000 Tonnes,2006-07,2407.5,2.7,129.6,41.8,2581.6,OK
38,Potato,'000 Tonnes,2007-08,2387.5,2.6,117.2,31.7,2539.0,OK
38,Potato,'000 Tonnes,2008-09,2782.7,3.0,121.0,34.6,2941.3,OK
38,Potato,'000 Tonnes,2009-10,2990.9,3.3,113.7,33.5,3141.4,OK
38,Potato,'000 Tonnes,2010-11,3339.9,3.9,118.2,29.7,3491.7,OK
38,Potato,'000 Tonnes,2011-12,3235.3,3.9,120.6,32.7,3392.5,OK
38,Potato,'000 Tonnes,2012-13,3639.1,4.3,109.4,33.1,3785.9,OK
38,Potato,'000 Tonnes,2013-14,2743.3,4.4,105.6,30.5,2883.8,OK
38,Potato,'000 Tonnes,2014-15,4019.9,4.7,105.6,29.9,4160.1,OK
38,Potato,'000 Tonnes,2015-16,3811.1,4.9,116.4,30.0,3962.4,OK
38,Potato,'000 Tonnes,2016-17,3660.3,5.6,143.4,22.4,3831.7,OK
38,Potato,'000 Tonnes,2017-18,4402.6,5.7,152.6,23.4,4584.3,OK
38,Potato,'000 Tonnes,2018-19,4691.0,5.7,121.0,21.3,4839.0,OK
38,Potato,'000 Tonnes,2019-20,4371.8,6.3,153.8,20.8,4552.7,OK
38,Potato,'000 Tonnes,2020-21,5682.0,6.0,141.3,24.9,5854.2,OK
38,Potato,'000 Tonnes,2021-22,7735.9,5.7,166.1,29.1,7936.9,OK
38,Potato,'000 Tonnes,2022-23,8136.051,3.257,163.443,17.016,8319.767,OK
38,Potato,'000 Tonnes,2023-24,8236.26,2.849,158.286,37.033,8434.428,OK
38,Potato,'000 Tonnes,2024-25,9812.923,2.749,157.683,36.799,10010.154,OK
39,Sweet potato,'000 Tonnes,2000-01,no data,no data,no data,no data,no data,skip
39,Sweet potato,'000 Tonnes,2001-02,no data,no data,no data,no data,no data,skip
39,Sweet potato,'000 Tonnes,2002-03,no data,no data,no data,no data,no data,skip
39,Sweet potato,'000 Tonnes,2003-04,no data,no data,no data,no data,no data,skip
39,Sweet potato,'000 Tonnes,2004-05,8.442,1.623,0.0,0.0,10.065,OK
39,Sweet potato,'000 Tonnes,2005-06,8.551,1.416,0.0,0.0,9.967,OK
39,Sweet potato,'000 Tonnes,2006-07,8.345,2.242,0.0,0.0,10.587,OK
39,Sweet potato,'000 Tonnes,2007-08,7.947,1.863,0.0,0.0,9.81,OK
39,Sweet potato,'000 Tonnes,2008-09,9.825,2.126,0.0,0.0,11.951,OK
39,Sweet potato,'000 Tonnes,2009-10,9.51,2.318,0.0,0.0,11.828,OK
39,Sweet potato,'000 Tonnes,2010-11,10.395,3.064,0.0,0.0,13.459,OK
39,Sweet potato,'000 Tonnes,2011-12,9.771,3.887,0.0,0.0,13.658,OK
39,Sweet potato,'000 Tonnes,2012-13,9.441,3.635,0.0,0.0,13.076,OK
39,Sweet potato,'000 Tonnes,2013-14,8.59,3.54,0.0,0.0,12.13,OK
39,Sweet potato,'000 Tonnes,2014-15,7.279,3.823,0.0,0.0,11.102,OK
39,Sweet potato,'000 Tonnes,2015-16,8.55,3.964,0.0,0.0,12.514,OK
39,Sweet potato,'000 Tonnes,2016-17,8.514,3.976,0.0,0.0,12.49,OK
39,Sweet potato,'000 Tonnes,2017-18,8.501,4.135,0.0,0.0,12.636,OK
39,Sweet potato,'000 Tonnes,2018-19,12.039,3.924,0.0,0.0,15.963,OK
39,Sweet potato,'000 Tonnes,2019-20,9.727,4.673,0.0,0.0,14.4,OK
39,Sweet potato,'000 Tonnes,2020-21,9.727,4.324,0.0,0.0,14.051,OK
39,Sweet potato,'000 Tonnes,2021-22,9.727,4.205,0.0,0.0,13.932,OK
39,Sweet potato,'000 Tonnes,2022-23,9.727,4.055,0.0,0.0,13.782,OK
39,Sweet potato,'000 Tonnes,2023-24,0.0,4.39,0.0,0.0,4.39,OK
39,Sweet potato,'000 Tonnes,2024-25,no data,no data,no data,no data,no data,skip
43,Apple,'000 Tonnes,2000-01,2.8,0.2,117.5,318.4,438.9,OK
43,Apple,'000 Tonnes,2001-02,2.5,0.2,117.4,247.0,367.1,OK
43,Apple,'000 Tonnes,2002-03,3.6,0.1,110.1,201.6,315.4,OK
43,Apple,'000 Tonnes,2003-04,3.6,0.1,106.3,223.8,333.8,OK
43,Apple,'000 Tonnes,2004-05,3.6,0.1,127.9,220.3,351.9,OK
43,Apple,'000 Tonnes,2005-06,3.6,0.1,126.7,220.9,351.3,OK
43,Apple,'000 Tonnes,2006-07,3.6,0.0,125.2,219.5,348.3,OK
43,Apple,'000 Tonnes,2007-08,3.5,0.0,124.5,313.6,441.6,OK
43,Apple,'000 Tonnes,2008-09,3.7,0.0,130.8,306.5,441.0,OK
43,Apple,'000 Tonnes,2009-10,3.4,0.0,112.1,250.9,366.4,OK
43,Apple,'000 Tonnes,2010-11,3.5,0.0,95.6,426.8,525.9,OK
43,Apple,'000 Tonnes,2011-12,3.5,0.0,97.6,497.6,598.7,OK
43,Apple,'000 Tonnes,2012-13,3.6,0.0,91.5,461.3,556.4,OK
43,Apple,'000 Tonnes,2013-14,3.6,0.0,92.3,510.2,606.1,OK
43,Apple,'000 Tonnes,2014-15,3.5,0.0,91.0,522.7,617.2,OK
43,Apple,'000 Tonnes,2015-16,3.5,0.0,89.3,527.6,620.4,OK
43,Apple,'000 Tonnes,2016-17,3.6,0.0,90.0,576.4,669.9,OK
43,Apple,'000 Tonnes,2017-18,3.6,0.0,69.3,491.8,564.7,OK
43,Apple,'000 Tonnes,2018-19,3.6,0.2,57.2,482.8,543.8,OK
43,Apple,'000 Tonnes,2019-20,3.5,0.0,53.9,546.6,603.9,OK
43,Apple,'000 Tonnes,2020-21,0.0,0.0,52.3,619.5,671.8,OK
43,Apple,'000 Tonnes,2021-22,0.0,0.0,46.0,686.3,732.3,OK
43,Apple,'000 Tonnes,2022-23,0.0,0.0,46.407,744.126,790.533,OK
43,Apple,'000 Tonnes,2023-24,0.0,0.0,45.971,798.143,844.114,OK
43,Apple,'000 Tonnes,2024-25,0.0,0.0,45.825,709.304,755.129,OK
44,Banana,'000 Tonnes,2000-01,17.4,101.7,12.2,8.1,139.4,OK
44,Banana,'000 Tonnes,2001-02,15.8,113.5,12.3,8.1,149.7,OK
44,Banana,'000 Tonnes,2002-03,14.7,112.9,12.2,3.1,142.9,OK
44,Banana,'000 Tonnes,2003-04,12.9,125.7,13.1,2.3,154.0,OK
44,Banana,'000 Tonnes,2004-05,12.4,129.6,13.1,2.9,158.0,OK
44,Banana,'000 Tonnes,2005-06,11.4,134.8,13.7,3.6,163.5,OK
44,Banana,'000 Tonnes,2006-07,10.4,126.3,13.6,0.2,150.5,OK
44,Banana,'000 Tonnes,2007-08,9.9,127.0,13.8,7.3,158.0,OK
44,Banana,'000 Tonnes,2008-09,9.5,128.9,13.2,5.7,157.3,OK
44,Banana,'000 Tonnes,2009-10,9.4,127.4,13.2,4.8,154.8,OK
44,Banana,'000 Tonnes,2010-11,10.3,113.4,12.6,4.9,141.2,OK
44,Banana,'000 Tonnes,2011-12,6.2,76.0,13.0,3.0,98.2,OK
44,Banana,'000 Tonnes,2012-13,4.3,121.2,13.1,2.7,141.3,OK
44,Banana,'000 Tonnes,2013-14,3.8,100.8,13.1,2.7,120.4,OK
44,Banana,'000 Tonnes,2014-15,1.7,102.0,13.1,2.0,118.8,OK
44,Banana,'000 Tonnes,2015-16,1.39,112.4,10.5,7.9,132.2,OK
44,Banana,'000 Tonnes,2016-17,1.02,111.7,10.5,11.7,134.9,OK
44,Banana,'000 Tonnes,2017-18,0.9,109.5,13.0,11.7,135.1,OK
44,Banana,'000 Tonnes,2018-19,0.7,110.5,12.8,11.7,135.7,OK
44,Banana,'000 Tonnes,2019-20,0.44,122.9,10.2,15.4,148.8,OK
44,Banana,'000 Tonnes,2020-21,0.23,123.3,1.2,16.6,141.3,OK
44,Banana,'000 Tonnes,2021-22,0.19,190.0,1.3,24.1,215.6,OK
44,Banana,'000 Tonnes,2022-23,0.2,225.937,0.925,58.095,285.157,OK
44,Banana,'000 Tonnes,2023-24,0.284,245.031,0.472,64.391,310.178,OK
44,Banana,'000 Tonnes,2024-25,2.55,250.471,0.538,64.318,317.877,OK
45,Coconut,'000 Tonnes,2000-01,no data,no data,no data,no data,no data,skip
45,Coconut,'000 Tonnes,2001-02,no data,no data,no data,no data,no data,skip
45,Coconut,'000 Tonnes,2002-03,no data,no data,no data,no data,no data,skip
45,Coconut,'000 Tonnes,2003-04,no data,no data,no data,no data,no data,skip
45,Coconut,'000 Tonnes,2004-05,0.0,1.492,0.0,7.075,8.567,OK
45,Coconut,'000 Tonnes,2005-06,0.0,1.301,0.0,7.075,8.376,OK
45,Coconut,'000 Tonnes,2006-07,0.0,1.337,0.0,7.094,8.431,OK
45,Coconut,'000 Tonnes,2007-08,0.0,1.509,0.0,10.286,11.795,OK
45,Coconut,'000 Tonnes,2008-09,0.0,1.337,0.0,10.286,11.623,OK
45,Coconut,'000 Tonnes,2009-10,0.0,1.221,0.0,8.766,9.987,OK
45,Coconut,'000 Tonnes,2010-11,0.0,1.138,0.0,8.782,9.92,OK
45,Coconut,'000 Tonnes,2011-12,0.0,1.245,0.0,8.782,10.027,OK
45,Coconut,'000 Tonnes,2012-13,0.0,1.228,0.0,8.782,10.01,OK
45,Coconut,'000 Tonnes,2013-14,0.0,1.225,0.0,8.782,10.007,OK
45,Coconut,'000 Tonnes,2014-15,0.0,1.248,0.0,8.782,10.03,OK
45,Coconut,'000 Tonnes,2015-16,0.0,1.291,0.0,8.749,10.04,OK
45,Coconut,'000 Tonnes,2016-17,0.0,1.237,0.0,8.63,9.867,OK
45,Coconut,'000 Tonnes,2017-18,0.0,1.135,0.0,8.63,9.765,OK
45,Coconut,'000 Tonnes,2018-19,0.0,1.134,0.0,8.668,9.802,OK
45,Coconut,'000 Tonnes,2019-20,0.0,1.118,0.0,10.337,11.455,OK
45,Coconut,'000 Tonnes,2020-21,0.0,1.114,0.0,10.337,11.451,OK
45,Coconut,'000 Tonnes,2021-22,0.0,1.115,0.0,23.812,24.927,OK
45,Coconut,'000 Tonnes,2022-23,0.0,1.126,0.0,37.873,38.999,OK
45,Coconut,'000 Tonnes,2023-24,0.0,1.109,0.0,9.359,10.468,OK
45,Coconut,'000 Tonnes,2024-25,no data,no data,no data,no data,no data,skip
46,Date,'000 Tonnes,2000-01,no data,no data,no data,no data,no data,skip
46,Date,'000 Tonnes,2001-02,no data,no data,no data,no data,no data,skip
46,Date,'000 Tonnes,2002-03,no data,no data,no data,no data,no data,skip
46,Date,'000 Tonnes,2003-04,no data,no data,no data,no data,no data,skip
46,Date,'000 Tonnes,2004-05,42.7,318.2,9.3,252.2,622.4,OK
46,Date,'000 Tonnes,2005-06,42.6,192.8,8.9,252.3,496.6,OK
46,Date,'000 Tonnes,2006-07,43.2,201.0,10.0,172.1,426.3,OK
46,Date,'000 Tonnes,2007-08,44.3,253.1,10.4,249.7,557.5,OK
46,Date,'000 Tonnes,2008-09,44.6,262.0,11.3,248.6,566.5,OK
46,Date,'000 Tonnes,2009-10,44.7,265.3,11.3,209.9,531.2,OK
46,Date,'000 Tonnes,2010-11,42.5,268.6,6.8,204.3,522.2,OK
46,Date,'000 Tonnes,2011-12,44.2,299.8,11.0,202.3,557.3,OK
46,Date,'000 Tonnes,2012-13,43.6,268.9,11.0,201.1,524.6,OK
46,Date,'000 Tonnes,2013-14,43.9,270.5,12.4,200.0,526.8,OK
46,Date,'000 Tonnes,2014-15,44.0,280.8,13.0,200.0,537.8,OK
46,Date,'000 Tonnes,2015-16,42.9,201.2,12.3,211.3,467.7,OK
46,Date,'000 Tonnes,2016-17,43.6,202.3,12.4,180.8,439.1,OK
46,Date,'000 Tonnes,2017-18,37.8,309.7,12.4,180.7,540.6,OK
46,Date,'000 Tonnes,2018-19,37.7,186.4,14.6,181.5,420.2,OK
46,Date,'000 Tonnes,2019-20,37.7,215.8,17.6,293.8,564.9,OK
46,Date,'000 Tonnes,2020-21,4.2,219.9,15.0,321.1,560.2,OK
46,Date,'000 Tonnes,2021-22,4.3,224.0,14.9,595.0,838.3,OK
46,Date,'000 Tonnes,2022-23,4.45,219.758,2.896,1.451,228.555,OK
46,Date,'000 Tonnes,2023-24,4.139,227.683,2.967,660.443,895.232,OK
46,Date,'000 Tonnes,2024-25,7.411,236.124,3.165,571.014,817.714,OK
47,Grape,'000 Tonnes,2000-01,0.0,0.0,2.3,48.8,51.1,OK
47,Grape,'000 Tonnes,2001-02,0.0,0.0,2.3,50.3,52.6,OK
47,Grape,'000 Tonnes,2002-03,0.0,0.0,2.3,49.5,51.8,OK
47,Grape,'000 Tonnes,2003-04,0.0,0.0,2.4,48.4,50.8,OK
47,Grape,'000 Tonnes,2004-05,0.0,0.0,1.4,47.7,49.1,OK
47,Grape,'000 Tonnes,2005-06,0.0,0.0,1.3,47.5,48.8,OK
47,Grape,'000 Tonnes,2006-07,0.0,0.0,1.3,45.2,46.5,OK
47,Grape,'000 Tonnes,2007-08,0.0,0.0,1.3,74.0,75.3,OK
47,Grape,'000 Tonnes,2008-09,0.0,0.0,1.3,74.8,76.1,OK
47,Grape,'000 Tonnes,2009-10,0.0,0.0,1.4,63.3,64.7,OK
47,Grape,'000 Tonnes,2010-11,0.0,0.0,1.2,63.2,64.4,OK
47,Grape,'000 Tonnes,2011-12,0.0,0.0,1.2,63.2,64.4,OK
47,Grape,'000 Tonnes,2012-13,0.0,0.0,1.1,63.3,64.4,OK
47,Grape,'000 Tonnes,2013-14,0.0,0.0,1.0,65.2,66.2,OK
47,Grape,'000 Tonnes,2014-15,0.0,0.0,1.0,65.0,66.0,OK
47,Grape,'000 Tonnes,2015-16,0.0,0.1,0.6,65.2,65.9,OK
47,Grape,'000 Tonnes,2016-17,0.0,0.1,0.8,65.4,66.3,OK
47,Grape,'000 Tonnes,2017-18,0.0,0.1,0.7,65.4,66.2,OK
47,Grape,'000 Tonnes,2018-19,0.0,0.1,0.9,65.4,66.4,OK
47,Grape,'000 Tonnes,2019-20,0.0,0.0,0.9,78.9,79.8,OK
47,Grape,'000 Tonnes,2020-21,0.0,0.0,1.1,85.7,86.8,OK
47,Grape,'000 Tonnes,2021-22,0.0,0.0,1.2,106.4,107.5,OK
47,Grape,'000 Tonnes,2022-23,0.0,0.0,1.141,66.69,67.831,OK
47,Grape,'000 Tonnes,2023-24,1.82,0.0,1.157,193.176,196.153,OK
47,Grape,'000 Tonnes,2024-25,7.146,0.0,1.262,193.176,201.584,OK
50,Onion,'000 Tonnes,2000-01,251.3,739.3,201.5,371.2,1563.3,OK
50,Onion,'000 Tonnes,2001-02,225.0,596.6,183.2,380.2,1385.0,OK
50,Onion,'000 Tonnes,2002-03,263.2,637.7,193.6,333.0,1427.5,OK
50,Onion,'000 Tonnes,2003-04,251.2,610.7,192.2,394.9,1449.0,OK
50,Onion,'000 Tonnes,2004-05,264.6,710.7,210.9,578.7,1764.9,OK
50,Onion,'000 Tonnes,2005-06,306.4,833.5,216.6,699.2,2055.7,OK
50,Onion,'000 Tonnes,2006-07,315.7,593.1,206.1,701.6,1816.5,OK
50,Onion,'000 Tonnes,2007-08,260.5,785.0,227.1,742.6,2015.2,OK
50,Onion,'000 Tonnes,2008-09,300.5,660.2,136.4,607.0,1704.1,OK
50,Onion,'000 Tonnes,2009-10,285.9,565.7,207.5,642.0,1701.1,OK
50,Onion,'000 Tonnes,2010-11,367.9,861.5,181.3,528.9,1939.6,OK
50,Onion,'000 Tonnes,2011-12,361.8,619.9,184.0,526.1,1691.8,OK
50,Onion,'000 Tonnes,2012-13,337.0,589.5,187.5,546.8,1660.8,OK
50,Onion,'000 Tonnes,2013-14,358.8,697.3,191.4,492.7,1740.2,OK
50,Onion,'000 Tonnes,2014-15,303.2,666.8,185.5,515.5,1671.0,OK
50,Onion,'000 Tonnes,2015-16,328.2,692.3,201.4,514.6,1736.5,OK
50,Onion,'000 Tonnes,2016-17,370.4,747.5,183.6,531.8,1833.3,OK
50,Onion,'000 Tonnes,2017-18,465.0,747.5,222.4,680.3,2115.2,OK
50,Onion,'000 Tonnes,2018-19,425.4,745.0,224.0,681.6,2076.0,OK
50,Onion,'000 Tonnes,2019-20,436.4,782.1,209.1,694.3,2121.9,OK
50,Onion,'000 Tonnes,2020-21,587.6,826.7,219.3,672.2,2305.7,OK
50,Onion,'000 Tonnes,2021-22,332.7,837.5,204.2,688.0,2062.3,OK
50,Onion,'000 Tonnes,2022-23,462.214,646.846,224.889,509.545,1843.494,OK
50,Onion,'000 Tonnes,2023-24,474.621,771.911,205.257,852.387,2304.176,OK
50,Onion,'000 Tonnes,2024-25,914.008,783.213,164.488,885.42,2747.129,OK
51,Orange (Citrus),'000 Tonnes,2000-01,1813.0,30.9,40.2,13.6,1897.7,OK
51,Orange (Citrus),'000 Tonnes,2001-02,1751.0,28.1,37.5,13.7,1830.3,OK
51,Orange (Citrus),'000 Tonnes,2002-03,1623.5,27.7,38.0,13.1,1702.3,OK
51,Orange (Citrus),'000 Tonnes,2003-04,1688.7,28.5,37.2,5.9,1760.3,OK
51,Orange (Citrus),'000 Tonnes,2004-05,1872.3,28.6,36.8,6.0,1943.7,OK
51,Orange (Citrus),'000 Tonnes,2005-06,2385.1,29.5,37.7,6.1,2458.4,OK
51,Orange (Citrus),'000 Tonnes,2006-07,1400.7,31.5,34.4,5.8,1472.4,OK
51,Orange (Citrus),'000 Tonnes,2007-08,2219.3,30.9,35.9,8.4,2294.5,OK
51,Orange (Citrus),'000 Tonnes,2008-09,2059.5,30.5,33.8,8.4,2132.2,OK
51,Orange (Citrus),'000 Tonnes,2009-10,2077.5,30.5,35.1,6.9,2150.0,OK
51,Orange (Citrus),'000 Tonnes,2010-11,1912.0,30.9,32.3,7.0,1982.2,OK
51,Orange (Citrus),'000 Tonnes,2011-12,2076.8,30.9,32.6,7.0,2147.3,OK
51,Orange (Citrus),'000 Tonnes,2012-13,1930.1,31.4,33.3,7.0,2001.8,OK
51,Orange (Citrus),'000 Tonnes,2013-14,2097.7,30.9,31.6,7.5,2167.7,OK
51,Orange (Citrus),'000 Tonnes,2014-15,2328.1,30.1,31.0,7.0,2396.2,OK
51,Orange (Citrus),'000 Tonnes,2015-16,2276.1,29.5,31.7,6.8,2344.1,OK
51,Orange (Citrus),'000 Tonnes,2016-17,2116.5,26.3,30.3,7.0,2180.1,OK
51,Orange (Citrus),'000 Tonnes,2017-18,2289.1,25.0,30.3,6.9,2351.3,OK
51,Orange (Citrus),'000 Tonnes,2018-19,2397.4,31.6,31.3,8.4,2468.7,OK
51,Orange (Citrus),'000 Tonnes,2019-20,2297.8,32.9,28.0,8.6,2367.3,OK
51,Orange (Citrus),'000 Tonnes,2020-21,2526.9,33.6,29.2,10.0,2599.7,OK
51,Orange (Citrus),'000 Tonnes,2021-22,2296.8,34.1,30.5,10.9,2372.2,OK
51,Orange (Citrus),'000 Tonnes,2022-23,2160.411,33.677,29.486,5.946,2229.52,OK
51,Orange (Citrus),'000 Tonnes,2023-24,2261.488,34.384,30.114,8.057,2334.043,OK
51,Orange (Citrus),'000 Tonnes,2024-25,3850.826,34.466,0.0,8.293,3893.585,OK
54,Tomato,'000 Tonnes,2000-01,60.8,32.9,140.0,35.1,268.6,OK
54,Tomato,'000 Tonnes,2001-02,62.2,32.8,146.2,52.9,294.1,OK
54,Tomato,'000 Tonnes,2002-03,65.2,35.0,148.3,57.8,306.3,OK
54,Tomato,'000 Tonnes,2003-04,64.0,35.7,157.5,155.6,412.8,OK
54,Tomato,'000 Tonnes,2004-05,63.7,34.0,146.9,181.6,426.2,OK
54,Tomato,'000 Tonnes,2005-06,64.6,48.3,161.6,193.6,468.1,OK
54,Tomato,'000 Tonnes,2006-07,64.8,60.5,160.8,216.2,502.3,OK
54,Tomato,'000 Tonnes,2007-08,70.1,91.8,162.0,212.3,536.2,OK
54,Tomato,'000 Tonnes,2008-09,72.5,100.9,161.8,226.7,561.9,OK
54,Tomato,'000 Tonnes,2009-10,77.9,100.4,119.3,179.2,476.8,OK
54,Tomato,'000 Tonnes,2010-11,87.8,114.8,113.2,213.8,529.6,OK
54,Tomato,'000 Tonnes,2011-12,86.0,141.6,129.9,220.4,577.9,OK
54,Tomato,'000 Tonnes,2012-13,86.3,174.8,131.1,181.9,574.1,OK
54,Tomato,'000 Tonnes,2013-14,100.1,200.6,135.7,163.3,599.7,OK
54,Tomato,'000 Tonnes,2014-15,94.6,202.4,132.0,141.6,570.6,OK
54,Tomato,'000 Tonnes,2015-16,106.2,206.5,130.0,144.4,587.1,OK
54,Tomato,'000 Tonnes,2016-17,105.6,195.8,127.6,140.0,569.0,OK
54,Tomato,'000 Tonnes,2017-18,115.3,210.9,124.8,169.1,620.1,OK
54,Tomato,'000 Tonnes,2018-19,138.4,153.3,131.5,137.4,560.6,OK
54,Tomato,'000 Tonnes,2019-20,163.8,164.7,125.4,140.3,594.2,OK
54,Tomato,'000 Tonnes,2020-21,147.3,176.9,128.8,365.7,818.7,OK
54,Tomato,'000 Tonnes,2021-22,130.8,172.0,119.5,370.6,792.9,OK
54,Tomato,'000 Tonnes,2022-23,147.583,194.89,113.074,307.189,762.736,OK
54,Tomato,'000 Tonnes,2023-24,128.579,190.867,104.414,373.475,797.335,OK
54,Tomato,'000 Tonnes,2024-25,204.024,168.581,108.069,359.116,839.79,OK
56,Other fruits,'000 Tonnes,2000-01,1093.5,387.6,132.4,177.7,1791.2,OK
56,Other fruits,'000 Tonnes,2001-02,1114.2,425.2,124.5,185.7,1849.6,OK
56,Other fruits,'000 Tonnes,2002-03,1140.4,393.2,134.3,216.0,1883.9,OK
56,Other fruits,'000 Tonnes,2003-04,1180.4,396.4,130.2,259.9,1966.9,OK
56,Other fruits,'000 Tonnes,2004-05,2265.812,465.666,306.438,424.674,3462.59,OK
56,Other fruits,'000 Tonnes,2005-06,2321.252,525.916,314.627,420.069,3581.864,OK
56,Other fruits,'000 Tonnes,2006-07,2286.85,528.557,315.091,388.87,3519.368,OK
56,Other fruits,'000 Tonnes,2007-08,2278.948,571.615,317.166,432.289,3600.018,OK
56,Other fruits,'000 Tonnes,2008-09,2220.678,592.706,318.226,495.044,3626.654,OK
56,Other fruits,'000 Tonnes,2009-10,2359.718,582.608,262.652,425.697,3630.675,OK
56,Other fruits,'000 Tonnes,2010-11,2408.257,603.196,251.655,385.446,3648.554,OK
56,Other fruits,'000 Tonnes,2011-12,2134.442,524.537,247.77,398.321,3305.07,OK
56,Other fruits,'000 Tonnes,2012-13,2100.576,532.979,254.09,368.412,3256.057,OK
56,Other fruits,'000 Tonnes,2013-14,2048.383,540.607,257.874,389.83,3236.694,OK
56,Other fruits,'000 Tonnes,2014-15,2096.731,529.645,261.258,356.291,3243.925,OK
56,Other fruits,'000 Tonnes,2015-16,2044.443,535.817,250.191,358.719,3189.17,OK
56,Other fruits,'000 Tonnes,2016-17,2212.283,542.557,245.798,344.76,3345.398,OK
56,Other fruits,'000 Tonnes,2017-18,2260.374,524.2,242.661,311.334,3338.569,OK
56,Other fruits,'000 Tonnes,2018-19,2217.376,495.408,262.834,306.227,3281.845,OK
56,Other fruits,'000 Tonnes,2019-20,2350.364,448.039,260.419,298.104,3356.926,OK
56,Other fruits,'000 Tonnes,2020-21,4292.289,510.896,226.588,424.114,5453.887,OK
56,Other fruits,'000 Tonnes,2021-22,3654.148,509.776,221.24,498.292,4883.456,OK
56,Other fruits,'000 Tonnes,2022-23,3883.209,507.261,218.548,508.04,5117.058,OK
56,Other fruits,'000 Tonnes,2023-24,3558.054,509.359,220.837,586.988,4875.238,OK
56,Other fruits,'000 Tonnes,2024-25,3129.176,438.359,135.48,336.393,4039.408,OK
57,Other vegetables,'000 Tonnes,2000-01,no data,no data,no data,no data,no data,skip
57,Other vegetables,'000 Tonnes,2001-02,no data,no data,no data,no data,no data,skip
57,Other vegetables,'000 Tonnes,2002-03,no data,no data,no data,no data,no data,skip
57,Other vegetables,'000 Tonnes,2003-04,no data,no data,no data,no data,no data,skip
57,Other vegetables,'000 Tonnes,2004-05,1944.838,155.058,211.808,215.244,2526.948,OK
57,Other vegetables,'000 Tonnes,2005-06,1958.551,151.538,211.464,235.41,2556.963,OK
57,Other vegetables,'000 Tonnes,2006-07,1944.169,141.603,226.811,218.028,2530.611,OK
57,Other vegetables,'000 Tonnes,2007-08,1927.272,135.275,235.836,209.18,2507.563,OK
57,Other vegetables,'000 Tonnes,2008-09,1926.406,137.285,238.423,253.621,2555.735,OK
57,Other vegetables,'000 Tonnes,2009-10,1875.86,137.702,246.745,197.487,2457.794,OK
57,Other vegetables,'000 Tonnes,2010-11,1810.341,138.915,235.013,247.504,2431.773,OK
57,Other vegetables,'000 Tonnes,2011-12,1800.089,114.166,234.819,247.618,2396.692,OK
57,Other vegetables,'000 Tonnes,2012-13,1671.391,136.87,233.46,215.67,2257.391,OK
57,Other vegetables,'000 Tonnes,2013-14,1673.653,134.999,243.351,233.963,2285.966,OK
57,Other vegetables,'000 Tonnes,2014-15,1647.504,138.761,260.115,232.278,2278.658,OK
57,Other vegetables,'000 Tonnes,2015-16,1769.164,142.212,264.576,234.217,2410.169,OK
57,Other vegetables,'000 Tonnes,2016-17,1753.883,144.316,249.491,240.175,2387.865,OK
57,Other vegetables,'000 Tonnes,2017-18,1751.677,148.144,251.321,242.056,2393.198,OK
57,Other vegetables,'000 Tonnes,2018-19,1758.574,145.123,225.66,239.314,2368.671,OK
57,Other vegetables,'000 Tonnes,2019-20,1448.257,148.338,279.568,229.063,2105.226,OK
57,Other vegetables,'000 Tonnes,2020-21,1975.406,148.888,218.127,339.934,2682.355,OK
57,Other vegetables,'000 Tonnes,2021-22,2059.896,154.705,201.822,343.861,2760.284,OK
57,Other vegetables,'000 Tonnes,2022-23,2295.567,143.903,197.488,340.089,2977.047,OK
57,Other vegetables,'000 Tonnes,2023-24,2157.018,158.872,207.137,402.602,2925.629,OK
57,Other vegetables,'000 Tonnes,2024-25,no data,no data,no data,no data,no data,skip
58,Nuts,'000 Tonnes,2000-01,0.1,0.0,3.0,30.1,33.2,OK
58,Nuts,'000 Tonnes,2001-02,0.0,0.0,3.9,22.5,26.4,OK
58,Nuts,'000 Tonnes,2002-03,0.0,0.0,3.6,20.1,23.7,OK
58,Nuts,'000 Tonnes,2003-04,0.0,0.0,3.1,20.8,23.9,OK
58,Nuts,'000 Tonnes,2004-05,0.05,0.0,14.731,22.264,37.045,OK
58,Nuts,'000 Tonnes,2005-06,0.05,0.0,16.278,22.515,38.843,OK
58,Nuts,'000 Tonnes,2006-07,0.047,0.0,16.586,22.48,39.113,OK
58,Nuts,'000 Tonnes,2007-08,0.045,0.0,13.581,26.483,40.109,OK
58,Nuts,'000 Tonnes,2008-09,0.057,0.0,13.59,26.361,40.008,OK
58,Nuts,'000 Tonnes,2009-10,0.0,0.0,11.536,21.863,33.399,OK
58,Nuts,'000 Tonnes,2010-11,0.0,0.0,10.906,21.559,32.465,OK
58,Nuts,'000 Tonnes,2011-12,0.0,0.0,11.24,21.455,32.695,OK
58,Nuts,'000 Tonnes,2012-13,0.0,0.0,11.626,21.159,32.785,OK
58,Nuts,'000 Tonnes,2013-14,0.0,0.0,11.194,21.159,32.353,OK
58,Nuts,'000 Tonnes,2014-15,0.0,0.0,15.931,21.659,37.59,OK
58,Nuts,'000 Tonnes,2015-16,0.0,0.0,14.751,21.206,35.957,OK
58,Nuts,'000 Tonnes,2016-17,0.0,0.0,15.273,21.367,36.64,OK
58,Nuts,'000 Tonnes,2017-18,0.0,0.0,15.718,20.154,35.872,OK
58,Nuts,'000 Tonnes,2018-19,0.0,0.0,15.962,19.595,35.557,OK
58,Nuts,'000 Tonnes,2019-20,0.0,0.0,12.552,19.061,31.613,OK
58,Nuts,'000 Tonnes,2020-21,0.0,0.0,16.421,19.961,36.382,OK
58,Nuts,'000 Tonnes,2021-22,0.0,0.0,16.535,17.526,34.061,OK
58,Nuts,'000 Tonnes,2022-23,0.0,0.0,16.362,17.075,33.437,OK
58,Nuts,'000 Tonnes,2023-24,0.0,0.0,15.633,16.312,31.945,OK
58,Nuts,'000 Tonnes,2024-25,0.0,0.0,1.387,15.184,16.571,OK
59,Tobacco,'000 Tonnes,2000-01,22.0,0.2,61.2,1.7,85.1,OK
59,Tobacco,'000 Tonnes,2001-02,22.9,0.2,69.9,1.5,94.5,OK
59,Tobacco,'000 Tonnes,2002-03,21.9,0.1,64.3,1.9,88.2,OK
59,Tobacco,'000 Tonnes,2003-04,21.1,0.2,62.9,2.0,86.2,OK
59,Tobacco,'000 Tonnes,2004-05,20.6,0.2,77.3,2.4,100.5,OK
59,Tobacco,'000 Tonnes,2005-06,21.6,0.1,87.9,3.0,112.6,OK
59,Tobacco,'000 Tonnes,2006-07,21.5,0.2,78.2,3.4,103.3,OK
59,Tobacco,'000 Tonnes,2007-08,19.9,0.4,84.9,2.6,107.8,OK
59,Tobacco,'000 Tonnes,2008-09,20.0,0.5,81.7,2.7,104.9,OK
59,Tobacco,'000 Tonnes,2009-10,23.4,0.3,94.1,1.5,119.3,OK
59,Tobacco,'000 Tonnes,2010-11,22.2,0.2,78.2,2.2,102.8,OK
59,Tobacco,'000 Tonnes,2011-12,20.4,0.2,75.1,2.2,97.9,OK
59,Tobacco,'000 Tonnes,2012-13,22.8,0.2,83.4,1.9,108.3,OK
59,Tobacco,'000 Tonnes,2013-14,27.0,0.2,100.8,1.9,129.9,OK
59,Tobacco,'000 Tonnes,2014-15,28.6,0.2,89.2,1.9,30.7,-89.2
59,Tobacco,'000 Tonnes,2015-16,32.0,0.2,85.2,1.4,118.8,OK
59,Tobacco,'000 Tonnes,2016-17,26.5,0.2,85.2,1.5,113.4,OK
59,Tobacco,'000 Tonnes,2017-18,34.0,0.2,85.2,1.5,120.9,OK
59,Tobacco,'000 Tonnes,2018-19,35.0,0.2,75.1,1.4,111.7,OK
59,Tobacco,'000 Tonnes,2019-20,60.1,0.2,71.4,1.4,133.0,OK
59,Tobacco,'000 Tonnes,2020-21,89.8,0.02,77.0,1.4,168.2,OK
59,Tobacco,'000 Tonnes,2021-22,64.9,0.02,67.5,1.1,133.6,OK
59,Tobacco,'000 Tonnes,2022-23,61.834,0.007,88.774,1.296,151.911,OK
59,Tobacco,'000 Tonnes,2023-24,87.589,0.008,97.385,1.296,186.278,OK
59,Tobacco,'000 Tonnes,2024-25,127.57,0.014,109.511,1.266,238.361,OK
62,Other spices,'000 Tonnes,2000-01,34.8,1.2,7.9,1.3,45.2,OK
62,Other spices,'000 Tonnes,2001-02,34.3,0.8,6.0,1.0,42.1,OK
62,Other spices,'000 Tonnes,2002-03,35.7,0.7,6.0,1.1,43.5,OK
62,Other spices,'000 Tonnes,2003-04,35.4,0.8,3.9,1.4,41.5,OK
62,Other spices,'000 Tonnes,2004-05,34.9,0.9,3.6,1.6,41.0,OK
62,Other spices,'000 Tonnes,2005-06,32.2,0.9,3.8,1.5,38.4,OK
62,Other spices,'000 Tonnes,2006-07,32.9,1.2,4.1,1.6,39.8,OK
62,Other spices,'000 Tonnes,2007-08,33.6,1.3,3.5,1.6,40.0,OK
62,Other spices,'000 Tonnes,2008-09,33.9,1.7,2.4,1.4,39.4,OK
62,Other spices,'000 Tonnes,2009-10,41.5,1.4,2.3,1.4,46.6,OK
62,Other spices,'000 Tonnes,2010-11,45.9,1.6,2.8,0.8,51.1,OK
62,Other spices,'000 Tonnes,2011-12,52.1,1.6,5.5,1.4,60.6,OK
62,Other spices,'000 Tonnes,2012-13,59.9,1.7,4.8,1.0,67.4,OK
62,Other spices,'000 Tonnes,2013-14,59.9,1.8,3.6,1.0,66.3,OK
62,Other spices,'000 Tonnes,2014-15,62.2,1.8,4.4,1.0,69.4,OK
62,Other spices,'000 Tonnes,2015-16,70.1,1.8,3.2,1.0,76.1,OK
62,Other spices,'000 Tonnes,2016-17,69.0,2.1,3.1,0.1,74.3,OK
62,Other spices,'000 Tonnes,2017-18,69.1,1.9,3.9,1.1,76.0,OK
62,Other spices,'000 Tonnes,2018-19,69.1,1.9,3.0,1.0,75.0,OK
62,Other spices,'000 Tonnes,2019-20,70.1,1.932,2.9,1.0,75.932,OK
62,Other spices,'000 Tonnes,2020-21,105.7,1.922,2.0,1.2,110.822,OK
62,Other spices,'000 Tonnes,2021-22,99.8,2.024,4.5,1.2,107.524,OK
62,Other spices,'000 Tonnes,2022-23,105.542,2.085,4.505,1.142,113.274,OK
62,Other spices,'000 Tonnes,2023-24,128.446,2.062,3.485,1.367,135.36,OK
62,Other spices,'000 Tonnes,2024-25,190.178,2.136,0.521,1.601,194.436,OK
63,Fish,'000 Tonnes,2000-01,61.8,422.3,1.0,129.7,614.8,OK
63,Fish,'000 Tonnes,2001-02,62.0,431.2,1.1,135.3,629.6,OK
63,Fish,'000 Tonnes,2002-03,65.0,435.0,1.3,136.5,637.8,OK
63,Fish,'000 Tonnes,2003-04,61.4,376.0,2.0,126.8,566.2,OK
63,Fish,'000 Tonnes,2004-05,63.0,380.0,2.5,128.0,573.5,OK
63,Fish,'000 Tonnes,2005-06,65.0,383.0,2.6,130.0,580.6,OK
63,Fish,'000 Tonnes,2006-07,68.0,394.0,2.9,140.0,604.9,OK
63,Fish,'000 Tonnes,2007-08,85.0,385.0,12.0,158.0,640.0,OK
63,Fish,'000 Tonnes,2008-09,85.0,459.0,3.0,138.0,685.0,OK
63,Fish,'000 Tonnes,2009-10,85.5,465.0,4.0,140.0,694.5,OK
63,Fish,'000 Tonnes,2010-11,86.2,470.0,5.0,143.0,704.2,OK
63,Fish,'000 Tonnes,2011-12,88.4,474.0,6.0,144.0,712.4,OK
63,Fish,'000 Tonnes,2012-13,91.0,482.5,10.0,145.5,729.0,OK
63,Fish,'000 Tonnes,2013-14,93.0,484.0,11.0,147.0,735.0,OK
63,Fish,'000 Tonnes,2014-15,95.0,490.0,13.0,149.0,747.0,OK
63,Fish,'000 Tonnes,2015-16,110.0,504.0,18.0,156.0,788.0,OK
63,Fish,'000 Tonnes,2016-17,111.0,508.0,21.0,157.0,797.0,OK
63,Fish,'000 Tonnes,2017-18,112.0,512.0,23.0,160.0,807.0,OK
63,Fish,'000 Tonnes,2018-19,111.0,507.0,22.0,159.0,799.0,OK
63,Fish,'000 Tonnes,2019-20,112.0,509.0,22.6,160.0,803.6,OK
63,Fish,'000 Tonnes,2020-21,115.0,511.0,23.0,161.0,810.0,OK
63,Fish,'000 Tonnes,2021-22,117.0,513.0,25.0,162.0,817.0,OK
63,Fish,'000 Tonnes,2022-23,123.0,517.0,28.0,163.0,831.0,OK
63,Fish,'000 Tonnes,2023-24,123.0,517.0,28.0,163.0,831.0,OK
63,Fish,'000 Tonnes,2024-25,no data,no data,no data,no data,no data,skip
66,Raw animal fat,'000 Tonnes,2000-01,no data,no data,no data,no data,no data,skip
66,Raw animal fat,'000 Tonnes,2001-02,no data,no data,no data,no data,no data,skip
66,Raw animal fat,'000 Tonnes,2002-03,no data,no data,no data,no data,no data,skip
66,Raw animal fat,'000 Tonnes,2003-04,no data,no data,no data,no data,132.9,skip
66,Raw animal fat,'000 Tonnes,2004-05,no data,no data,no data,no data,136.3,skip
66,Raw animal fat,'000 Tonnes,2005-06,no data,no data,no data,no data,203.3,skip
66,Raw animal fat,'000 Tonnes,2006-07,no data,no data,no data,no data,209.2,skip
66,Raw animal fat,'000 Tonnes,2007-08,no data,no data,no data,no data,215.3,skip
66,Raw animal fat,'000 Tonnes,2008-09,no data,no data,no data,no data,221.6,skip
66,Raw animal fat,'000 Tonnes,2009-10,no data,no data,no data,no data,228.1,skip
66,Raw animal fat,'000 Tonnes,2010-11,no data,no data,no data,no data,234.8,skip
66,Raw animal fat,'000 Tonnes,2011-12,no data,no data,no data,no data,no data,skip
66,Raw animal fat,'000 Tonnes,2012-13,no data,no data,no data,no data,no data,skip
66,Raw animal fat,'000 Tonnes,2013-14,no data,no data,no data,no data,no data,skip
66,Raw animal fat,'000 Tonnes,2014-15,no data,no data,no data,no data,no data,skip
66,Raw animal fat,'000 Tonnes,2015-16,no data,no data,no data,no data,no data,skip
66,Raw animal fat,'000 Tonnes,2016-17,no data,no data,no data,no data,no data,skip
66,Raw animal fat,'000 Tonnes,2017-18,no data,no data,no data,no data,no data,skip
66,Raw animal fat,'000 Tonnes,2018-19,no data,no data,no data,no data,295.8,skip
66,Raw animal fat,'000 Tonnes,2019-20,no data,no data,no data,no data,304.5,skip
66,Raw animal fat,'000 Tonnes,2020-21,no data,no data,no data,no data,313.6,skip
66,Raw animal fat,'000 Tonnes,2021-22,no data,no data,no data,no data,322.9,skip
66,Raw animal fat,'000 Tonnes,2022-23,no data,no data,no data,no data,332.5,skip
66,Raw animal fat,'000 Tonnes,2023-24,no data,no data,no data,no data,335.8,skip
66,Raw animal fat,'000 Tonnes,2024-25,no data,no data,no data,no data,no data,skip
67,Eggs,'000 Tonnes,2000-01,no data,no data,no data,no data,no data,skip
67,Eggs,'000 Tonnes,2001-02,no data,no data,no data,no data,no data,skip
67,Eggs,'000 Tonnes,2002-03,no data,no data,no data,no data,no data,skip
67,Eggs,'000 Tonnes,2003-04,no data,no data,no data,no data,no data,skip
67,Eggs,'000 Tonnes,2004-05,no data,no data,no data,no data,400.863,skip
67,Eggs,'000 Tonnes,2005-06,no data,no data,no data,no data,456.464,skip
67,Eggs,'000 Tonnes,2006-07,no data,no data,no data,no data,479.259,skip
67,Eggs,'000 Tonnes,2007-08,no data,no data,no data,no data,503.417,skip
67,Eggs,'000 Tonnes,2008-09,no data,no data,no data,no data,529.126,skip
67,Eggs,'000 Tonnes,2009-10,no data,no data,no data,no data,556.433,skip
67,Eggs,'000 Tonnes,2010-11,no data,no data,no data,no data,604.279,skip
67,Eggs,'000 Tonnes,2011-12,no data,no data,no data,no data,no data,skip
67,Eggs,'000 Tonnes,2012-13,no data,no data,no data,no data,no data,skip
67,Eggs,'000 Tonnes,2013-14,no data,no data,no data,no data,no data,skip
67,Eggs,'000 Tonnes,2014-15,no data,no data,no data,no data,no data,skip
67,Eggs,'000 Tonnes,2015-16,no data,no data,no data,no data,no data,skip
67,Eggs,'000 Tonnes,2016-17,no data,no data,no data,no data,no data,skip
67,Eggs,'000 Tonnes,2017-18,no data,no data,no data,no data,no data,skip
67,Eggs,'000 Tonnes,2018-19,no data,no data,no data,no data,895.444,skip
67,Eggs,'000 Tonnes,2019-20,no data,no data,no data,no data,946.251,skip
67,Eggs,'000 Tonnes,2020-21,no data,no data,no data,no data,946.251,skip
67,Eggs,'000 Tonnes,2021-22,no data,no data,no data,no data,1000.395,skip
67,Eggs,'000 Tonnes,2022-23,no data,no data,no data,no data,1119.493,skip
67,Eggs,'000 Tonnes,2023-24,no data,no data,no data,no data,1184.9451999999999,skip
67,Eggs,'000 Tonnes,2024-25,no data,no data,no data,no data,no data,skip
68,Milk,'000 Tonnes,2000-01,no data,no data,no data,no data,no data,skip
68,Milk,'000 Tonnes,2001-02,no data,no data,no data,no data,no data,skip
68,Milk,'000 Tonnes,2002-03,no data,no data,no data,no data,no data,skip
68,Milk,'000 Tonnes,2003-04,no data,no data,no data,no data,no data,skip
68,Milk,'000 Tonnes,2004-05,no data,no data,no data,no data,no data,skip
68,Milk,'000 Tonnes,2005-06,no data,no data,no data,no data,39597.0,skip
68,Milk,'000 Tonnes,2006-07,no data,no data,no data,no data,40860.0,skip
68,Milk,'000 Tonnes,2007-08,no data,no data,no data,no data,42171.0,skip
68,Milk,'000 Tonnes,2008-09,no data,no data,no data,no data,43563.0,skip
68,Milk,'000 Tonnes,2009-10,no data,no data,no data,no data,44977.0,skip
68,Milk,'000 Tonnes,2010-11,no data,no data,no data,no data,45622.0,skip
68,Milk,'000 Tonnes,2011-12,no data,no data,no data,no data,no data,skip
68,Milk,'000 Tonnes,2012-13,no data,no data,no data,no data,no data,skip
68,Milk,'000 Tonnes,2013-14,no data,no data,no data,no data,50990.0,skip
68,Milk,'000 Tonnes,2014-15,no data,no data,no data,no data,52631.0,skip
68,Milk,'000 Tonnes,2015-16,no data,no data,no data,no data,54328.0,skip
68,Milk,'000 Tonnes,2016-17,no data,no data,no data,no data,56080.0,skip
68,Milk,'000 Tonnes,2017-18,no data,no data,no data,no data,57890.0,skip
68,Milk,'000 Tonnes,2018-19,no data,no data,no data,no data,59759.0,skip
68,Milk,'000 Tonnes,2019-20,no data,no data,no data,no data,61690.0,skip
68,Milk,'000 Tonnes,2020-21,no data,no data,no data,no data,63684.0,skip
68,Milk,'000 Tonnes,2021-22,no data,no data,no data,no data,65745.0,skip
68,Milk,'000 Tonnes,2022-23,no data,no data,no data,no data,67873.0,skip
68,Milk,'000 Tonnes,2023-24,no data,no data,no data,no data,70071.4,skip
68,Milk,'000 Tonnes,2024-25,no data,no data,no data,no data,no data,skip
69,Poultry meat,'000 Tonnes,2000-01,no data,no data,no data,no data,no data,skip
69,Poultry meat,'000 Tonnes,2001-02,no data,no data,no data,no data,no data,skip
69,Poultry meat,'000 Tonnes,2002-03,no data,no data,no data,no data,no data,skip
69,Poultry meat,'000 Tonnes,2003-04,no data,no data,no data,no data,no data,skip
69,Poultry meat,'000 Tonnes,2004-05,no data,no data,no data,no data,384.0,skip
69,Poultry meat,'000 Tonnes,2005-06,no data,no data,no data,no data,512.0,skip
69,Poultry meat,'000 Tonnes,2006-07,no data,no data,no data,no data,554.0,skip
69,Poultry meat,'000 Tonnes,2007-08,no data,no data,no data,no data,601.0,skip
69,Poultry meat,'000 Tonnes,2008-09,no data,no data,no data,no data,651.0,skip
69,Poultry meat,'000 Tonnes,2009-10,no data,no data,no data,no data,707.0,skip
69,Poultry meat,'000 Tonnes,2010-11,no data,no data,no data,no data,767.0,skip
69,Poultry meat,'000 Tonnes,2011-12,no data,no data,no data,no data,no data,skip
69,Poultry meat,'000 Tonnes,2012-13,no data,no data,no data,no data,no data,skip
69,Poultry meat,'000 Tonnes,2013-14,no data,no data,no data,no data,no data,skip
69,Poultry meat,'000 Tonnes,2014-15,no data,no data,no data,no data,no data,skip
69,Poultry meat,'000 Tonnes,2015-16,no data,no data,no data,no data,no data,skip
69,Poultry meat,'000 Tonnes,2016-17,no data,no data,no data,no data,no data,skip
69,Poultry meat,'000 Tonnes,2017-18,no data,no data,no data,no data,no data,skip
69,Poultry meat,'000 Tonnes,2018-19,no data,no data,no data,no data,1518.0,skip
69,Poultry meat,'000 Tonnes,2019-20,no data,no data,no data,no data,1657.0,skip
69,Poultry meat,'000 Tonnes,2020-21,no data,no data,no data,no data,1657.0,skip
69,Poultry meat,'000 Tonnes,2021-22,no data,no data,no data,no data,1809.0,skip
69,Poultry meat,'000 Tonnes,2022-23,no data,no data,no data,no data,2160.0,skip
69,Poultry meat,'000 Tonnes,2023-24,no data,no data,no data,no data,2362.0,skip
69,Poultry meat,'000 Tonnes,2024-25,no data,no data,no data,no data,no data,skip
70,Beef,'000 Tonnes,2000-01,no data,no data,no data,no data,no data,skip
70,Beef,'000 Tonnes,2001-02,no data,no data,no data,no data,no data,skip
70,Beef,'000 Tonnes,2002-03,no data,no data,no data,no data,no data,skip
70,Beef,'000 Tonnes,2003-04,no data,no data,no data,no data,no data,skip
70,Beef,'000 Tonnes,2004-05,no data,no data,no data,no data,1115.0,skip
70,Beef,'000 Tonnes,2005-06,no data,no data,no data,no data,1449.0,skip
70,Beef,'000 Tonnes,2006-07,no data,no data,no data,no data,1498.0,skip
70,Beef,'000 Tonnes,2007-08,no data,no data,no data,no data,1548.0,skip
70,Beef,'000 Tonnes,2008-09,no data,no data,no data,no data,1601.0,skip
70,Beef,'000 Tonnes,2009-10,no data,no data,no data,no data,1655.0,skip
70,Beef,'000 Tonnes,2010-11,no data,no data,no data,no data,1711.0,skip
70,Beef,'000 Tonnes,2011-12,no data,no data,no data,no data,no data,skip
70,Beef,'000 Tonnes,2012-13,no data,no data,no data,no data,no data,skip
70,Beef,'000 Tonnes,2013-14,no data,no data,no data,no data,no data,skip
70,Beef,'000 Tonnes,2014-15,no data,no data,no data,no data,no data,skip
70,Beef,'000 Tonnes,2015-16,no data,no data,no data,no data,no data,skip
70,Beef,'000 Tonnes,2016-17,no data,no data,no data,no data,no data,skip
70,Beef,'000 Tonnes,2017-18,no data,no data,no data,no data,no data,skip
70,Beef,'000 Tonnes,2018-19,no data,no data,no data,no data,2227.1,skip
70,Beef,'000 Tonnes,2019-20,no data,no data,no data,no data,2303.2,skip
70,Beef,'000 Tonnes,2020-21,no data,no data,no data,no data,2380.23,skip
70,Beef,'000 Tonnes,2021-22,no data,no data,no data,no data,2460.31,skip
70,Beef,'000 Tonnes,2022-23,no data,no data,no data,no data,2543.39,skip
70,Beef,'000 Tonnes,2023-24,no data,no data,no data,no data,2548.1,skip
70,Beef,'000 Tonnes,2024-25,no data,no data,no data,no data,no data,skip
71,Goat & Lamb (Mutton),'000 Tonnes,2000-01,no data,no data,no data,no data,no data,skip
71,Goat & Lamb (Mutton),'000 Tonnes,2001-02,no data,no data,no data,no data,no data,skip
71,Goat & Lamb (Mutton),'000 Tonnes,2002-03,no data,no data,no data,no data,no data,skip
71,Goat & Lamb (Mutton),'000 Tonnes,2003-04,no data,no data,no data,no data,no data,skip
71,Goat & Lamb (Mutton),'000 Tonnes,2004-05,no data,no data,no data,no data,739.0,skip
71,Goat & Lamb (Mutton),'000 Tonnes,2005-06,no data,no data,no data,no data,554.0,skip
71,Goat & Lamb (Mutton),'000 Tonnes,2006-07,no data,no data,no data,no data,566.0,skip
71,Goat & Lamb (Mutton),'000 Tonnes,2007-08,no data,no data,no data,no data,578.0,skip
71,Goat & Lamb (Mutton),'000 Tonnes,2008-09,no data,no data,no data,no data,591.0,skip
71,Goat & Lamb (Mutton),'000 Tonnes,2009-10,no data,no data,no data,no data,603.0,skip
71,Goat & Lamb (Mutton),'000 Tonnes,2010-11,no data,no data,no data,no data,616.0,skip
71,Goat & Lamb (Mutton),'000 Tonnes,2011-12,no data,no data,no data,no data,no data,skip
71,Goat & Lamb (Mutton),'000 Tonnes,2012-13,no data,no data,no data,no data,no data,skip
71,Goat & Lamb (Mutton),'000 Tonnes,2013-14,no data,no data,no data,no data,no data,skip
71,Goat & Lamb (Mutton),'000 Tonnes,2014-15,no data,no data,no data,no data,no data,skip
71,Goat & Lamb (Mutton),'000 Tonnes,2015-16,no data,no data,no data,no data,no data,skip
71,Goat & Lamb (Mutton),'000 Tonnes,2016-17,no data,no data,no data,no data,no data,skip
71,Goat & Lamb (Mutton),'000 Tonnes,2017-18,no data,no data,no data,no data,no data,skip
71,Goat & Lamb (Mutton),'000 Tonnes,2018-19,no data,no data,no data,no data,732.0,skip
71,Goat & Lamb (Mutton),'000 Tonnes,2019-20,no data,no data,no data,no data,748.0,skip
71,Goat & Lamb (Mutton),'000 Tonnes,2020-21,no data,no data,no data,no data,765.0,skip
71,Goat & Lamb (Mutton),'000 Tonnes,2021-22,no data,no data,no data,no data,782.0,skip
71,Goat & Lamb (Mutton),'000 Tonnes,2022-23,no data,no data,no data,no data,799.0,skip
71,Goat & Lamb (Mutton),'000 Tonnes,2023-24,no data,no data,no data,no data,817.1,skip
71,Goat & Lamb (Mutton),'000 Tonnes,2024-25,no data,no data,no data,no data,no data,skip
